SamAccountName,GivenName,Surname,Name,Displayname,password,Department,path,UserPrincipalName
P.Parker,Peter,Parker,Peter Parker,Peter Parker,p@ssw0rd,HR,"OU=HR,OU=Marvel,DC=comp1200,DC=local",P.Parker@firstname.local
C.America,Captain,America,Captain America,Captain America,p@ssw0rd,HR,"OU=HR,OU=Marvel,DC=comp1200,DC=local",C.America@firstname.local
I.Man,Iron,Man,Iron Man,Iron Man,p@ssw0rd,HR,"OU=HR,OU=Marvel,DC=comp1200,DC=local",I.Man@firstname.local
T.Odinson,Thor,Odinson,Thor Odinson,Thor Odinson,p@ssw0rd,HR,"OU=HR,OU=Marvel,DC=comp1200,DC=local",T.Odinson@firstname.local
B.Grimm,Benjamin,Grimm,Benjamin Grimm,Benjamin Grimm,p@ssw0rd,HR,"OU=HR,OU=Marvel,DC=comp1200,DC=local",B.Grimm@firstname.local
R.Richards,Reed,Richards,Reed Richards,Reed Richards,p@ssw0rd,HR,"OU=HR,OU=Marvel,DC=comp1200,DC=local",R.Richards@firstname.local
B.Banner,Bruce,Banner,Bruce Banner,Bruce Banner,p@ssw0rd,HR,"OU=HR,OU=Marvel,DC=comp1200,DC=local",B.Banner@firstname.local
S.Summers,Scott,Summers,Scott Summers,Scott Summers,p@ssw0rd,HR,"OU=HR,OU=Marvel,DC=comp1200,DC=local",S.Summers@firstname.local
J.Storm,Jonathan,Storm,Jonathan Storm,Jonathan Storm,p@ssw0rd,HR,"OU=HR,OU=Marvel,DC=comp1200,DC=local",J.Storm@firstname.local
H.Mccoy,Henry,McCoy,Henry McCoy,Henry McCoy,p@ssw0rd,HR,"OU=HR,OU=Marvel,DC=comp1200,DC=local",H.Mccoy@firstname.local
S.Storm,Susan,Storm,Susan Storm,Susan Storm,p@ssw0rd,HR,"OU=HR,OU=Marvel,DC=comp1200,DC=local",S.Storm@firstname.local
N.Mckenzie,Namor,McKenzie,Namor McKenzie,Namor McKenzie,p@ssw0rd,HR,"OU=HR,OU=Marvel,DC=comp1200,DC=local",N.Mckenzie@firstname.local
O.Munroe,Ororo,Munroe,Ororo Munroe,Ororo Munroe,p@ssw0rd,HR,"OU=HR,OU=Marvel,DC=comp1200,DC=local",O.Munroe@firstname.local
C.Barton,Clinton,Barton,Clinton Barton,Clinton Barton,p@ssw0rd,HR,"OU=HR,OU=Marvel,DC=comp1200,DC=local",C.Barton@firstname.local
M.Murdock,Matthew,Murdock,Matthew Murdock,Matthew Murdock,p@ssw0rd,HR,"OU=HR,OU=Marvel,DC=comp1200,DC=local",M.Murdock@firstname.local
S.Strange,Stephen,Strange,Stephen Strange,Stephen Strange,p@ssw0rd,Sales,"OU=Sales,OU=Marvel,DC=comp1200,DC=local",S.Strange@firstname.local
M.Jane,Mary,Jane,Mary Jane,Mary Jane,p@ssw0rd,Sales,"OU=Sales,OU=Marvel,DC=comp1200,DC=local",M.Jane@firstname.local
J.Jonah,John,Jonah,John Jonah,John Jonah,p@ssw0rd,Sales,"OU=Sales,OU=Marvel,DC=comp1200,DC=local",J.Jonah@firstname.local
R.Drake,Robert,Drake,Robert Drake,Robert Drake,p@ssw0rd,Sales,"OU=Sales,OU=Marvel,DC=comp1200,DC=local",R.Drake@firstname.local
H.Pym,Henry,Pym,Henry Pym,Henry Pym,p@ssw0rd,Sales,"OU=Sales,OU=Marvel,DC=comp1200,DC=local",H.Pym@firstname.local
C.Xavier,Charles,Xavier,Charles Xavier,Charles Xavier,p@ssw0rd,Sales,"OU=Sales,OU=Marvel,DC=comp1200,DC=local",C.Xavier@firstname.local
W.Worthington,Warren,Worthington,Warren Worthington,Warren Worthington,p@ssw0rd,Sales,"OU=Sales,OU=Marvel,DC=comp1200,DC=local",W.Worthington@firstname.local
P.Rasputin,Piotr,Rasputin,Piotr Rasputin,Piotr Rasputin,p@ssw0rd,Sales,"OU=Sales,OU=Marvel,DC=comp1200,DC=local",P.Rasputin@firstname.local
W.Maximoff,Wanda,Maximoff,Wanda Maximoff,Wanda Maximoff,p@ssw0rd,Sales,"OU=Sales,OU=Marvel,DC=comp1200,DC=local",W.Maximoff@firstname.local
N.Fury,Nicholas,Fury,Nicholas Fury,Nicholas Fury,p@ssw0rd,Sales,"OU=Sales,OU=Marvel,DC=comp1200,DC=local",N.Fury@firstname.local
J.Van,Janet,van,Janet van,Janet van,p@ssw0rd,Sales,"OU=Sales,OU=Marvel,DC=comp1200,DC=local",J.Van@firstname.local
J.Grey,Jean,Grey,Jean Grey,Jean Grey,p@ssw0rd,Sales,"OU=Sales,OU=Marvel,DC=comp1200,DC=local",J.Grey@firstname.local
N.Romanova,Natalia,Romanova,Natalia Romanova,Natalia Romanova,p@ssw0rd,Sales,"OU=Sales,OU=Marvel,DC=comp1200,DC=local",N.Romanova@firstname.local
K.Wagner,Kurt,Wagner,Kurt Wagner,Kurt Wagner,p@ssw0rd,Sales,"OU=Sales,OU=Marvel,DC=comp1200,DC=local",K.Wagner@firstname.local
M.Reilly,May,Reilly,May Reilly,May Reilly,p@ssw0rd,Sales,"OU=Sales,OU=Marvel,DC=comp1200,DC=local",M.Reilly@firstname.local
K.Pryde,Katherine,Pryde,Katherine Pryde,Katherine Pryde,p@ssw0rd,Sales,"OU=Sales,OU=Marvel,DC=comp1200,DC=local",K.Pryde@firstname.local
C.Danvers,Carol,Danvers,Carol Danvers,Carol Danvers,p@ssw0rd,Sales,"OU=Sales,OU=Marvel,DC=comp1200,DC=local",C.Danvers@firstname.local
J.Walters,Jennifer,Walters,Jennifer Walters,Jennifer Walters,p@ssw0rd,Sales,"OU=Sales,OU=Marvel,DC=comp1200,DC=local",J.Walters@firstname.local
E.Frost,Emma,Frost,Emma Frost,Emma Frost,p@ssw0rd,Sales,"OU=Sales,OU=Marvel,DC=comp1200,DC=local",E.Frost@firstname.local
F.Castle,Frank,Castle,Frank Castle,Frank Castle,p@ssw0rd,Sales,"OU=Sales,OU=Marvel,DC=comp1200,DC=local",F.Castle@firstname.local
L.Cage,Luke,Cage,Luke Cage,Luke Cage,p@ssw0rd,Sales,"OU=Sales,OU=Marvel,DC=comp1200,DC=local",L.Cage@firstname.local
A.Marie,Anna,Marie,Anna Marie,Anna Marie,p@ssw0rd,Sales,"OU=Sales,OU=Marvel,DC=comp1200,DC=local",A.Marie@firstname.local
J.Robertson,Joseph,Robertson,Joseph Robertson,Joseph Robertson,p@ssw0rd,Sales,"OU=Sales,OU=Marvel,DC=comp1200,DC=local",J.Robertson@firstname.local
P.Maximoff,Pietro,Maximoff,Pietro Maximoff,Pietro Maximoff,p@ssw0rd,Sales,"OU=Sales,OU=Marvel,DC=comp1200,DC=local",P.Maximoff@firstname.local
V.Von,Victor,von,Victor von,Victor von,p@ssw0rd,Sales,"OU=Sales,OU=Marvel,DC=comp1200,DC=local",V.Von@firstname.local
M.Eisenhardt,Max,Eisenhardt,Max Eisenhardt,Max Eisenhardt,p@ssw0rd,Sales,"OU=Sales,OU=Marvel,DC=comp1200,DC=local",M.Eisenhardt@firstname.local
E.Braddock,Elizabeth,Braddock,Elizabeth Braddock,Elizabeth Braddock,p@ssw0rd,Sales,"OU=Sales,OU=Marvel,DC=comp1200,DC=local",E.Braddock@firstname.local
N.Radd,Norrin,Radd,Norrin Radd,Norrin Radd,p@ssw0rd,Sales,"OU=Sales,OU=Marvel,DC=comp1200,DC=local",N.Radd@firstname.local
N.Osborn,Norman,Osborn,Norman Osborn,Norman Osborn,p@ssw0rd,Sales,"OU=Sales,OU=Marvel,DC=comp1200,DC=local",N.Osborn@firstname.local
E.Thompson,Eugene,Thompson,Eugene Thompson,Eugene Thompson,p@ssw0rd,Sales,"OU=Sales,OU=Marvel,DC=comp1200,DC=local",E.Thompson@firstname.local
S.Williams,Simon,Williams,Simon Williams,Simon Williams,p@ssw0rd,Sales,"OU=Sales,OU=Marvel,DC=comp1200,DC=local",S.Williams@firstname.local
S.Guthrie,Samuel,Guthrie,Samuel Guthrie,Samuel Guthrie,p@ssw0rd,Sales,"OU=Sales,OU=Marvel,DC=comp1200,DC=local",S.Guthrie@firstname.local
J.Buchanan,James,Buchanan,James Buchanan,James Buchanan,p@ssw0rd,Sales,"OU=Sales,OU=Marvel,DC=comp1200,DC=local",J.Buchanan@firstname.local
R.Lebeau,Remy,LeBeau,Remy LeBeau,Remy LeBeau,p@ssw0rd,Sales,"OU=Sales,OU=Marvel,DC=comp1200,DC=local",R.Lebeau@firstname.local
D.Rand,Daniel,Rand,Daniel Rand,Daniel Rand,p@ssw0rd,Sales,"OU=Sales,OU=Marvel,DC=comp1200,DC=local",D.Rand@firstname.local
N.Summers,Nathan,Summers,Nathan Summers,Nathan Summers,p@ssw0rd,Sales,"OU=Sales,OU=Marvel,DC=comp1200,DC=local",N.Summers@firstname.local
E.Brant,Elizabeth,Brant,Elizabeth Brant,Elizabeth Brant,p@ssw0rd,Sales,"OU=Sales,OU=Marvel,DC=comp1200,DC=local",E.Brant@firstname.local
R.Jones,Richard,Jones,Richard Jones,Richard Jones,p@ssw0rd,Sales,"OU=Sales,OU=Marvel,DC=comp1200,DC=local",R.Jones@firstname.local
E.Jarvis,Edwin,Jarvis,Edwin Jarvis,Edwin Jarvis,p@ssw0rd,Sales,"OU=Sales,OU=Marvel,DC=comp1200,DC=local",E.Jarvis@firstname.local
A.Summers,Alexander,Summers,Alexander Summers,Alexander Summers,p@ssw0rd,Sales,"OU=Sales,OU=Marvel,DC=comp1200,DC=local",A.Summers@firstname.local
P.Walker,Patricia,Walker,Patricia Walker,Patricia Walker,p@ssw0rd,Sales,"OU=Sales,OU=Marvel,DC=comp1200,DC=local",P.Walker@firstname.local
H.Torch,Human,Torch,Human Torch,Human Torch,p@ssw0rd,Sales,"OU=Sales,OU=Marvel,DC=comp1200,DC=local",H.Torch@firstname.local
L.Laufeyson,Loki,Laufeyson,Loki Laufeyson,Loki Laufeyson,p@ssw0rd,Sales,"OU=Sales,OU=Marvel,DC=comp1200,DC=local",L.Laufeyson@firstname.local
F.Nelson,Franklin,Nelson,Franklin Nelson,Franklin Nelson,p@ssw0rd,Sales,"OU=Sales,OU=Marvel,DC=comp1200,DC=local",F.Nelson@firstname.local
B.Braddock,Brian,Braddock,Brian Braddock,Brian Braddock,p@ssw0rd,Sales,"OU=Sales,OU=Marvel,DC=comp1200,DC=local",B.Braddock@firstname.local
O.Octavius,Otto,Octavius,Otto Octavius,Otto Octavius,p@ssw0rd,Sales,"OU=Sales,OU=Marvel,DC=comp1200,DC=local",O.Octavius@firstname.local
J.Rhodes,James,Rhodes,James Rhodes,James Rhodes,p@ssw0rd,Sales,"OU=Sales,OU=Marvel,DC=comp1200,DC=local",J.Rhodes@firstname.local
T.Dugan,Timothy,Dugan,Timothy Dugan,Timothy Dugan,p@ssw0rd,Sales,"OU=Sales,OU=Marvel,DC=comp1200,DC=local",T.Dugan@firstname.local
C.Amaquelin,Crystalia,Amaquelin,Crystalia Amaquelin,Crystalia Amaquelin,p@ssw0rd,Sales,"OU=Sales,OU=Marvel,DC=comp1200,DC=local",C.Amaquelin@firstname.local
S.Wilson,Samuel,Wilson,Samuel Wilson,Samuel Wilson,p@ssw0rd,Sales,"OU=Sales,OU=Marvel,DC=comp1200,DC=local",S.Wilson@firstname.local
W.Fisk,Wilson,Fisk,Wilson Fisk,Wilson Fisk,p@ssw0rd,Sales,"OU=Sales,OU=Marvel,DC=comp1200,DC=local",W.Fisk@firstname.local
O.Borson,Odin,Borson,Odin Borson,Odin Borson,p@ssw0rd,Sales,"OU=Sales,OU=Marvel,DC=comp1200,DC=local",O.Borson@firstname.local
D.Whitman,Dane,Whitman,Dane Whitman,Dane Whitman,p@ssw0rd,Sales,"OU=Sales,OU=Marvel,DC=comp1200,DC=local",D.Whitman@firstname.local
H.Osborn,Harold,Osborn,Harold Osborn,Harold Osborn,p@ssw0rd,Sales,"OU=Sales,OU=Marvel,DC=comp1200,DC=local",H.Osborn@firstname.local
F.Richards,Franklin,Richards,Franklin Richards,Franklin Richards,p@ssw0rd,Sales,"OU=Sales,OU=Marvel,DC=comp1200,DC=local",F.Richards@firstname.local
J.Drew,Jessica,Drew,Jessica Drew,Jessica Drew,p@ssw0rd,Sales,"OU=Sales,OU=Marvel,DC=comp1200,DC=local",J.Drew@firstname.local
R.Da,Roberto,da,Roberto da,Roberto da,p@ssw0rd,Sales,"OU=Sales,OU=Marvel,DC=comp1200,DC=local",R.Da@firstname.local
R.Sinclair,Rahne,Sinclair,Rahne Sinclair,Rahne Sinclair,p@ssw0rd,Sales,"OU=Sales,OU=Marvel,DC=comp1200,DC=local",R.Sinclair@firstname.local
E.Ross,Elizabeth,Ross,Elizabeth Ross,Elizabeth Ross,p@ssw0rd,Sales,"OU=Sales,OU=Marvel,DC=comp1200,DC=local",E.Ross@firstname.local
L.Dane,Lorna,Dane,Lorna Dane,Lorna Dane,p@ssw0rd,Sales,"OU=Sales,OU=Marvel,DC=comp1200,DC=local",L.Dane@firstname.local
B.Colt,Blaine,Colt,Blaine Colt,Blaine Colt,p@ssw0rd,Sales,"OU=Sales,OU=Marvel,DC=comp1200,DC=local",B.Colt@firstname.local
J.Blaze,Johnathon,Blaze,Johnathon Blaze,Johnathon Blaze,p@ssw0rd,Sales,"OU=Sales,OU=Marvel,DC=comp1200,DC=local",J.Blaze@firstname.local
R.Hulk,Red,Hulk,Red Hulk,Red Hulk,p@ssw0rd,Sales,"OU=Sales,OU=Marvel,DC=comp1200,DC=local",R.Hulk@firstname.local
J.Lee,Jubilation,Lee,Jubilation Lee,Jubilation Lee,p@ssw0rd,Sales,"OU=Sales,OU=Marvel,DC=comp1200,DC=local",J.Lee@firstname.local
B.Odinson,Balder,Odinson,Balder Odinson,Balder Odinson,p@ssw0rd,Sales,"OU=Sales,OU=Marvel,DC=comp1200,DC=local",B.Odinson@firstname.local
D.Moonstar,Danielle,Moonstar,Danielle Moonstar,Danielle Moonstar,p@ssw0rd,Sales,"OU=Sales,OU=Marvel,DC=comp1200,DC=local",D.Moonstar@firstname.local
M.Spector,Marc,Spector,Marc Spector,Marc Spector,p@ssw0rd,Sales,"OU=Sales,OU=Marvel,DC=comp1200,DC=local",M.Spector@firstname.local
G.Stacy,Gwendolyne,Stacy,Gwendolyne Stacy,Gwendolyne Stacy,p@ssw0rd,Sales,"OU=Sales,OU=Marvel,DC=comp1200,DC=local",G.Stacy@firstname.local
M.Amaquelin,Medusalith,Amaquelin,Medusalith Amaquelin,Medusalith Amaquelin,p@ssw0rd,Sales,"OU=Sales,OU=Marvel,DC=comp1200,DC=local",M.Amaquelin@firstname.local
I.Rasputina,Illyana,Rasputina,Illyana Rasputina,Illyana Rasputina,p@ssw0rd,Sales,"OU=Sales,OU=Marvel,DC=comp1200,DC=local",I.Rasputina@firstname.local
J.Shmidt,Johann,Shmidt,Johann Shmidt,Johann Shmidt,p@ssw0rd,Sales,"OU=Sales,OU=Marvel,DC=comp1200,DC=local",J.Shmidt@firstname.local
S.Cassidy,Sean,Cassidy,Sean Cassidy,Sean Cassidy,p@ssw0rd,Sales,"OU=Sales,OU=Marvel,DC=comp1200,DC=local",S.Cassidy@firstname.local
T.Raymond,Thomas,Raymond,Thomas Raymond,Thomas Raymond,p@ssw0rd,Sales,"OU=Sales,OU=Marvel,DC=comp1200,DC=local",T.Raymond@firstname.local
R.Rider,Richard,Rider,Richard Rider,Richard Rider,p@ssw0rd,Sales,"OU=Sales,OU=Marvel,DC=comp1200,DC=local",R.Rider@firstname.local
R.Darkholme,Raven,Darkholme,Raven Darkholme,Raven Darkholme,p@ssw0rd,Sales,"OU=Sales,OU=Marvel,DC=comp1200,DC=local",R.Darkholme@firstname.local
B.Morse,Barbara,Morse,Barbara Morse,Barbara Morse,p@ssw0rd,Sales,"OU=Sales,OU=Marvel,DC=comp1200,DC=local",B.Morse@firstname.local
B.Boltagon,Blackagar,Boltagon,Blackagar Boltagon,Blackagar Boltagon,p@ssw0rd,Sales,"OU=Sales,OU=Marvel,DC=comp1200,DC=local",B.Boltagon@firstname.local
A.Blaire,Alison,Blaire,Alison Blaire,Alison Blaire,p@ssw0rd,Sales,"OU=Sales,OU=Marvel,DC=comp1200,DC=local",A.Blaire@firstname.local
J.Walker,John,Walker,John Walker,John Walker,p@ssw0rd,Sales,"OU=Sales,OU=Marvel,DC=comp1200,DC=local",J.Walker@firstname.local
G.Grant,Greer,Grant,Greer Grant,Greer Grant,p@ssw0rd,Sales,"OU=Sales,OU=Marvel,DC=comp1200,DC=local",G.Grant@firstname.local
K.Sofen,Karla,Sofen,Karla Sofen,Karla Sofen,p@ssw0rd,Sales,"OU=Sales,OU=Marvel,DC=comp1200,DC=local",K.Sofen@firstname.local
W.Baker,William,Baker,William Baker,William Baker,p@ssw0rd,Sales,"OU=Sales,OU=Marvel,DC=comp1200,DC=local",W.Baker@firstname.local
S.Carter,Sharon,Carter,Sharon Carter,Sharon Carter,p@ssw0rd,Sales,"OU=Sales,OU=Marvel,DC=comp1200,DC=local",S.Carter@firstname.local
F.Hardy,Felicia,Hardy,Felicia Hardy,Felicia Hardy,p@ssw0rd,Sales,"OU=Sales,OU=Marvel,DC=comp1200,DC=local",F.Hardy@firstname.local
C.Marko,Cain,Marko,Cain Marko,Cain Marko,p@ssw0rd,Sales,"OU=Sales,OU=Marvel,DC=comp1200,DC=local",C.Marko@firstname.local
M.Rambeau,Monica,Rambeau,Monica Rambeau,Monica Rambeau,p@ssw0rd,Sales,"OU=Sales,OU=Marvel,DC=comp1200,DC=local",M.Rambeau@firstname.local
M.Hill,Maria,Hill,Maria Hill,Maria Hill,p@ssw0rd,Sales,"OU=Sales,OU=Marvel,DC=comp1200,DC=local",M.Hill@firstname.local
B.Urich,Ben,Urich,Ben Urich,Ben Urich,p@ssw0rd,Sales,"OU=Sales,OU=Marvel,DC=comp1200,DC=local",B.Urich@firstname.local
H.Douglas,Heather,Douglas,Heather Douglas,Heather Douglas,p@ssw0rd,Sales,"OU=Sales,OU=Marvel,DC=comp1200,DC=local",H.Douglas@firstname.local
M.Collins,Millicent,Collins,Millicent Collins,Millicent Collins,p@ssw0rd,Sales,"OU=Sales,OU=Marvel,DC=comp1200,DC=local",M.Collins@firstname.local
J.Proudstar,James,Proudstar,James Proudstar,James Proudstar,p@ssw0rd,Sales,"OU=Sales,OU=Marvel,DC=comp1200,DC=local",J.Proudstar@firstname.local
A.Jones,Angelica,Jones,Angelica Jones,Angelica Jones,p@ssw0rd,Sales,"OU=Sales,OU=Marvel,DC=comp1200,DC=local",A.Jones@firstname.local
E.Brock,Edward,Brock,Edward Brock,Edward Brock,p@ssw0rd,Sales,"OU=Sales,OU=Marvel,DC=comp1200,DC=local",E.Brock@firstname.local
M.Gargan,MacDonald,Gargan,MacDonald Gargan,MacDonald Gargan,p@ssw0rd,Sales,"OU=Sales,OU=Marvel,DC=comp1200,DC=local",M.Gargan@firstname.local
T.Smith,Tabitha,Smith,Tabitha Smith,Tabitha Smith,p@ssw0rd,Sales,"OU=Sales,OU=Marvel,DC=comp1200,DC=local",T.Smith@firstname.local
J.Beaubier,Jean-Paul,Beaubier,Jean-Paul Beaubier,Jean-Paul Beaubier,p@ssw0rd,Sales,"OU=Sales,OU=Marvel,DC=comp1200,DC=local",J.Beaubier@firstname.local
D.Ketch,Daniel,Ketch,Daniel Ketch,Daniel Ketch,p@ssw0rd,Sales,"OU=Sales,OU=Marvel,DC=comp1200,DC=local",D.Ketch@firstname.local
N.Thurman,Neena,Thurman,Neena Thurman,Neena Thurman,p@ssw0rd,Sales,"OU=Sales,OU=Marvel,DC=comp1200,DC=local",N.Thurman@firstname.local
A.Masters,Alicia,Masters,Alicia Masters,Alicia Masters,p@ssw0rd,Sales,"OU=Sales,OU=Marvel,DC=comp1200,DC=local",A.Masters@firstname.local
R.Baldwin,Robert,Baldwin,Robert Baldwin,Robert Baldwin,p@ssw0rd,Sales,"OU=Sales,OU=Marvel,DC=comp1200,DC=local",R.Baldwin@firstname.local
V.Astrovik,Vance,Astrovik,Vance Astrovik,Vance Astrovik,p@ssw0rd,Sales,"OU=Sales,OU=Marvel,DC=comp1200,DC=local",V.Astrovik@firstname.local
W.Vaughn,Wendell,Vaughn,Wendell Vaughn,Wendell Vaughn,p@ssw0rd,Sales,"OU=Sales,OU=Marvel,DC=comp1200,DC=local",W.Vaughn@firstname.local
C.Storm,Chili,Storm,Chili Storm,Chili Storm,p@ssw0rd,Sales,"OU=Sales,OU=Marvel,DC=comp1200,DC=local",C.Storm@firstname.local
A.Jenkins,Abner,Jenkins,Abner Jenkins,Abner Jenkins,p@ssw0rd,Sales,"OU=Sales,OU=Marvel,DC=comp1200,DC=local",A.Jenkins@firstname.local
E.Natchios,Elektra,Natchios,Elektra Natchios,Elektra Natchios,p@ssw0rd,Sales,"OU=Sales,OU=Marvel,DC=comp1200,DC=local",E.Natchios@firstname.local
V.Potts,Virginia,Potts,Virginia Potts,Virginia Potts,p@ssw0rd,Sales,"OU=Sales,OU=Marvel,DC=comp1200,DC=local",V.Potts@firstname.local
W.Langkowski,Walter,Langkowski,Walter Langkowski,Walter Langkowski,p@ssw0rd,Sales,"OU=Sales,OU=Marvel,DC=comp1200,DC=local",W.Langkowski@firstname.local
J.Madrox,James,Madrox,James Madrox,James Madrox,p@ssw0rd,Sales,"OU=Sales,OU=Marvel,DC=comp1200,DC=local",J.Madrox@firstname.local
T.Cassidy,Theresa,Cassidy,Theresa Cassidy,Theresa Cassidy,p@ssw0rd,Sales,"OU=Sales,OU=Marvel,DC=comp1200,DC=local",T.Cassidy@firstname.local
L.Kinney,Laura,Kinney,Laura Kinney,Laura Kinney,p@ssw0rd,Sales,"OU=Sales,OU=Marvel,DC=comp1200,DC=local",L.Kinney@firstname.local
A.Douglas,Arthur,Douglas,Arthur Douglas,Arthur Douglas,p@ssw0rd,Sales,"OU=Sales,OU=Marvel,DC=comp1200,DC=local",A.Douglas@firstname.local
P.Parker,Peter,Parker,Peter Parker,Peter Parker,p@ssw0rd,Sales,"OU=Sales,OU=Marvel,DC=comp1200,DC=local",P.Parker@firstname.local
K.Plunder,Kevin,Plunder,Kevin Plunder,Kevin Plunder,p@ssw0rd,Sales,"OU=Sales,OU=Marvel,DC=comp1200,DC=local",K.Plunder@firstname.local
L.Samson,Leonard,Samson,Leonard Samson,Leonard Samson,p@ssw0rd,Sales,"OU=Sales,OU=Marvel,DC=comp1200,DC=local",L.Samson@firstname.local
M.Gold,Melissa,Gold,Melissa Gold,Melissa Gold,p@ssw0rd,Sales,"OU=Sales,OU=Marvel,DC=comp1200,DC=local",M.Gold@firstname.local
M.Knight,Mercedes,Knight,Mercedes Knight,Mercedes Knight,p@ssw0rd,Sales,"OU=Sales,OU=Marvel,DC=comp1200,DC=local",M.Knight@firstname.local
M.Kinross,Moira,Kinross,Moira Kinross,Moira Kinross,p@ssw0rd,Sales,"OU=Sales,OU=Marvel,DC=comp1200,DC=local",M.Kinross@firstname.local
N.Prentiss,Namorita,Prentiss,Namorita Prentiss,Namorita Prentiss,p@ssw0rd,Sales,"OU=Sales,OU=Marvel,DC=comp1200,DC=local",N.Prentiss@firstname.local
A.Warlock,Adam,Warlock,Adam Warlock,Adam Warlock,p@ssw0rd,Sales,"OU=Sales,OU=Marvel,DC=comp1200,DC=local",A.Warlock@firstname.local
H.Mcneil,Heather,McNeil,Heather McNeil,Heather McNeil,p@ssw0rd,Sales,"OU=Sales,OU=Marvel,DC=comp1200,DC=local",H.Mcneil@firstname.local
C.firstnames,Curtis,firstnames,Curtis firstnames,Curtis firstnames,p@ssw0rd,Sales,"OU=Sales,OU=Marvel,DC=comp1200,DC=local",C.firstnames@firstname.local
T.Sallis,Theodore,Sallis,Theodore Sallis,Theodore Sallis,p@ssw0rd,Sales,"OU=Sales,OU=Marvel,DC=comp1200,DC=local",T.Sallis@firstname.local
A.Toomes,Adrian,Toomes,Adrian Toomes,Adrian Toomes,p@ssw0rd,Sales,"OU=Sales,OU=Marvel,DC=comp1200,DC=local",A.Toomes@firstname.local
E.Judd,Eugene,Judd,Eugene Judd,Eugene Judd,p@ssw0rd,Sales,"OU=Sales,OU=Marvel,DC=comp1200,DC=local",E.Judd@firstname.local
D.Hellstrom,Daimon,Hellstrom,Daimon Hellstrom,Daimon Hellstrom,p@ssw0rd,Sales,"OU=Sales,OU=Marvel,DC=comp1200,DC=local",D.Hellstrom@firstname.local
J.Jonah,John,Jonah,John Jonah,John Jonah,p@ssw0rd,Sales,"OU=Sales,OU=Marvel,DC=comp1200,DC=local",J.Jonah@firstname.local
M.Puceanu,Meggan,Puceanu,Meggan Puceanu,Meggan Puceanu,p@ssw0rd,Sales,"OU=Sales,OU=Marvel,DC=comp1200,DC=local",M.Puceanu@firstname.local
R.Reynolds,Robert,Reynolds,Robert Reynolds,Robert Reynolds,p@ssw0rd,Sales,"OU=Sales,OU=Marvel,DC=comp1200,DC=local",R.Reynolds@firstname.local
A.Sytsevich,Aleksei,Sytsevich,Aleksei Sytsevich,Aleksei Sytsevich,p@ssw0rd,Sales,"OU=Sales,OU=Marvel,DC=comp1200,DC=local",A.Sytsevich@firstname.local
S.Vaccarro,Santo,Vaccarro,Santo Vaccarro,Santo Vaccarro,p@ssw0rd,Sales,"OU=Sales,OU=Marvel,DC=comp1200,DC=local",S.Vaccarro@firstname.local
J.Clay,Jonathan,Clay,Jonathan Clay,Jonathan Clay,p@ssw0rd,Sales,"OU=Sales,OU=Marvel,DC=comp1200,DC=local",J.Clay@firstname.local
G.Carosella,Guido,Carosella,Guido Carosella,Guido Carosella,p@ssw0rd,Sales,"OU=Sales,OU=Marvel,DC=comp1200,DC=local",G.Carosella@firstname.local
M.Morbius,Michael,Morbius,Michael Morbius,Michael Morbius,p@ssw0rd,Sales,"OU=Sales,OU=Marvel,DC=comp1200,DC=local",M.Morbius@firstname.local
J.Richter,Julio,Richter,Julio Richter,Julio Richter,p@ssw0rd,Sales,"OU=Sales,OU=Marvel,DC=comp1200,DC=local",J.Richter@firstname.local
P.Force,Phoenix,Force,Phoenix Force,Phoenix Force,p@ssw0rd,Sales,"OU=Sales,OU=Marvel,DC=comp1200,DC=local",P.Force@firstname.local
M.Gwynn,Megan,Gwynn,Megan Gwynn,Megan Gwynn,p@ssw0rd,Sales,"OU=Sales,OU=Marvel,DC=comp1200,DC=local",M.Gwynn@firstname.local
K.Richmond,Kyle,Richmond,Kyle Richmond,Kyle Richmond,p@ssw0rd,Sales,"OU=Sales,OU=Marvel,DC=comp1200,DC=local",K.Richmond@firstname.local
K.Page,Karen,Page,Karen Page,Karen Page,p@ssw0rd,Sales,"OU=Sales,OU=Marvel,DC=comp1200,DC=local",K.Page@firstname.local
T.Johnson,Tyrone,Johnson,Tyrone Johnson,Tyrone Johnson,p@ssw0rd,Sales,"OU=Sales,OU=Marvel,DC=comp1200,DC=local",T.Johnson@firstname.local
M.Dillon,Maxwell,Dillon,Maxwell Dillon,Maxwell Dillon,p@ssw0rd,Sales,"OU=Sales,OU=Marvel,DC=comp1200,DC=local",M.Dillon@firstname.local
V.Cooper,Valerie,Cooper,Valerie Cooper,Valerie Cooper,p@ssw0rd,Sales,"OU=Sales,OU=Marvel,DC=comp1200,DC=local",V.Cooper@firstname.local
A.May,Anna,May,Anna May,Anna May,p@ssw0rd,Sales,"OU=Sales,OU=Marvel,DC=comp1200,DC=local",A.May@firstname.local
V.Dracula,Vlad,Dracula,Vlad Dracula,Vlad Dracula,p@ssw0rd,Sales,"OU=Sales,OU=Marvel,DC=comp1200,DC=local",V.Dracula@firstname.local
T.Bowen,Tandy,Bowen,Tandy Bowen,Tandy Bowen,p@ssw0rd,Sales,"OU=Sales,OU=Marvel,DC=comp1200,DC=local",T.Bowen@firstname.local
M.St.,Monet,St.,Monet St.,Monet St.,p@ssw0rd,Sales,"OU=Sales,OU=Marvel,DC=comp1200,DC=local",M.St.@firstname.local
A.Aquilla,Amara,Aquilla,Amara Aquilla,Amara Aquilla,p@ssw0rd,Sales,"OU=Sales,OU=Marvel,DC=comp1200,DC=local",A.Aquilla@firstname.local
J.Carpenter,Julia,Carpenter,Julia Carpenter,Julia Carpenter,p@ssw0rd,Sales,"OU=Sales,OU=Marvel,DC=comp1200,DC=local",J.Carpenter@firstname.local
J.Foster,Jane,Foster,Jane Foster,Jane Foster,p@ssw0rd,Sales,"OU=Sales,OU=Marvel,DC=comp1200,DC=local",J.Foster@firstname.local
M.Toynbee,Mortimer,Toynbee,Mortimer Toynbee,Mortimer Toynbee,p@ssw0rd,Sales,"OU=Sales,OU=Marvel,DC=comp1200,DC=local",M.Toynbee@firstname.local
S.Lang,Scott,Lang,Scott Lang,Scott Lang,p@ssw0rd,Sales,"OU=Sales,OU=Marvel,DC=comp1200,DC=local",S.Lang@firstname.local
P.Guthrie,Paige,Guthrie,Paige Guthrie,Paige Guthrie,p@ssw0rd,Sales,"OU=Sales,OU=Marvel,DC=comp1200,DC=local",P.Guthrie@firstname.local
B.Parker,Benjamin,Parker,Benjamin Parker,Benjamin Parker,p@ssw0rd,Sales,"OU=Sales,OU=Marvel,DC=comp1200,DC=local",B.Parker@firstname.local
E.Josten,Erik,Josten,Erik Josten,Erik Josten,p@ssw0rd,Sales,"OU=Sales,OU=Marvel,DC=comp1200,DC=local",E.Josten@firstname.local
J.Beaubier,Jeanne-Marie,Beaubier,Jeanne-Marie Beaubier,Jeanne-Marie Beaubier,p@ssw0rd,Sales,"OU=Sales,OU=Marvel,DC=comp1200,DC=local",J.Beaubier@firstname.local
C.Creel,Carl,Creel,Carl Creel,Carl Creel,p@ssw0rd,Sales,"OU=Sales,OU=Marvel,DC=comp1200,DC=local",C.Creel@firstname.local
G.Grant,Gloria,Grant,Gloria Grant,Gloria Grant,p@ssw0rd,Sales,"OU=Sales,OU=Marvel,DC=comp1200,DC=local",G.Grant@firstname.local
M.Twoyoungmen,Michael,Twoyoungmen,Michael Twoyoungmen,Michael Twoyoungmen,p@ssw0rd,Sales,"OU=Sales,OU=Marvel,DC=comp1200,DC=local",M.Twoyoungmen@firstname.local
H.Summers,Hope,Summers,Hope Summers,Hope Summers,p@ssw0rd,Sales,"OU=Sales,OU=Marvel,DC=comp1200,DC=local",H.Summers@firstname.local
E.Masterson,Eric,Masterson,Eric Masterson,Eric Masterson,p@ssw0rd,Sales,"OU=Sales,OU=Marvel,DC=comp1200,DC=local",E.Masterson@firstname.local
A.Power,Alexander,Power,Alexander Power,Alexander Power,p@ssw0rd,Sales,"OU=Sales,OU=Marvel,DC=comp1200,DC=local",A.Power@firstname.local
M.Hawk,Matthew,Hawk,Matthew Hawk,Matthew Hawk,p@ssw0rd,Sales,"OU=Sales,OU=Marvel,DC=comp1200,DC=local",M.Hawk@firstname.local
J.Jones,Jessica,Jones,Jessica Jones,Jessica Jones,p@ssw0rd,Sales,"OU=Sales,OU=Marvel,DC=comp1200,DC=local",J.Jones@firstname.local
F.Dukes,Frederick,Dukes,Frederick Dukes,Frederick Dukes,p@ssw0rd,Sales,"OU=Sales,OU=Marvel,DC=comp1200,DC=local",F.Dukes@firstname.local
E.Brooks,Eric,Brooks,Eric Brooks,Eric Brooks,p@ssw0rd,Sales,"OU=Sales,OU=Marvel,DC=comp1200,DC=local",E.Brooks@firstname.local
M.Jeffries,Madison,Jeffries,Madison Jeffries,Madison Jeffries,p@ssw0rd,Sales,"OU=Sales,OU=Marvel,DC=comp1200,DC=local",M.Jeffries@firstname.local
T.Wizard,The,Wizard,The Wizard,The Wizard,p@ssw0rd,Sales,"OU=Sales,OU=Marvel,DC=comp1200,DC=local",T.Wizard@firstname.local
S.Kravinoff,Sergei,Kravinoff,Sergei Kravinoff,Sergei Kravinoff,p@ssw0rd,Sales,"OU=Sales,OU=Marvel,DC=comp1200,DC=local",S.Kravinoff@firstname.local
J.Starsmore,Jonothon,Starsmore,Jonothon Starsmore,Jonothon Starsmore,p@ssw0rd,Engineering,"OU=Engineering,OU=Marvel,DC=comp1200,DC=local",J.Starsmore@firstname.local
H.Zemo,Helmut,Zemo,Helmut Zemo,Helmut Zemo,p@ssw0rd,Engineering,"OU=Engineering,OU=Marvel,DC=comp1200,DC=local",H.Zemo@firstname.local
V.Borkowski,Victor,Borkowski,Victor Borkowski,Victor Borkowski,p@ssw0rd,Engineering,"OU=Engineering,OU=Marvel,DC=comp1200,DC=local",V.Borkowski@firstname.local
E.Leeds,Edward,Leeds,Edward Leeds,Edward Leeds,p@ssw0rd,Engineering,"OU=Engineering,OU=Marvel,DC=comp1200,DC=local",E.Leeds@firstname.local
D.Ramsey,Douglas,Ramsey,Douglas Ramsey,Douglas Ramsey,p@ssw0rd,Engineering,"OU=Engineering,OU=Marvel,DC=comp1200,DC=local",D.Ramsey@firstname.local
Q.Beck,Quentin,Beck,Quentin Beck,Quentin Beck,p@ssw0rd,Engineering,"OU=Engineering,OU=Marvel,DC=comp1200,DC=local",Q.Beck@firstname.local
H.Wyndham,Herbert,Wyndham,Herbert Wyndham,Herbert Wyndham,p@ssw0rd,Engineering,"OU=Engineering,OU=Marvel,DC=comp1200,DC=local",H.Wyndham@firstname.local
J.Keller,Julian,Keller,Julian Keller,Julian Keller,p@ssw0rd,Engineering,"OU=Engineering,OU=Marvel,DC=comp1200,DC=local",J.Keller@firstname.local
J.Russell,Jack,Russell,Jack Russell,Jack Russell,p@ssw0rd,Engineering,"OU=Engineering,OU=Marvel,DC=comp1200,DC=local",J.Russell@firstname.local
C.Cuckoo,Celeste,Cuckoo,Celeste Cuckoo,Celeste Cuckoo,p@ssw0rd,Engineering,"OU=Engineering,OU=Marvel,DC=comp1200,DC=local",C.Cuckoo@firstname.local
V.Allegra,Valentina,Allegra,Valentina Allegra,Valentina Allegra,p@ssw0rd,Engineering,"OU=Engineering,OU=Marvel,DC=comp1200,DC=local",V.Allegra@firstname.local
O.Sarkissian,Ophelia,Sarkissian,Ophelia Sarkissian,Ophelia Sarkissian,p@ssw0rd,Engineering,"OU=Engineering,OU=Marvel,DC=comp1200,DC=local",O.Sarkissian@firstname.local
C.Wing,Colleen,Wing,Colleen Wing,Colleen Wing,p@ssw0rd,Engineering,"OU=Engineering,OU=Marvel,DC=comp1200,DC=local",C.Wing@firstname.local
I.Cuckoo,Irma,Cuckoo,Irma Cuckoo,Irma Cuckoo,p@ssw0rd,Engineering,"OU=Engineering,OU=Marvel,DC=comp1200,DC=local",I.Cuckoo@firstname.local
S.Shaw,Sebastian,Shaw,Sebastian Shaw,Sebastian Shaw,p@ssw0rd,Engineering,"OU=Engineering,OU=Marvel,DC=comp1200,DC=local",S.Shaw@firstname.local
P.Cuckoo,Phoebe,Cuckoo,Phoebe Cuckoo,Phoebe Cuckoo,p@ssw0rd,Engineering,"OU=Engineering,OU=Marvel,DC=comp1200,DC=local",P.Cuckoo@firstname.local
V.Richards,Valeria,Richards,Valeria Richards,Valeria Richards,p@ssw0rd,Engineering,"OU=Engineering,OU=Marvel,DC=comp1200,DC=local",V.Richards@firstname.local
D.Blake,Donald,Blake,Donald Blake,Donald Blake,p@ssw0rd,Engineering,"OU=Engineering,OU=Marvel,DC=comp1200,DC=local",D.Blake@firstname.local
L.Neramani,Lilandra,Neramani,Lilandra Neramani,Lilandra Neramani,p@ssw0rd,Engineering,"OU=Engineering,OU=Marvel,DC=comp1200,DC=local",L.Neramani@firstname.local
H.Gyrich,Henry,Gyrich,Henry Gyrich,Henry Gyrich,p@ssw0rd,Engineering,"OU=Engineering,OU=Marvel,DC=comp1200,DC=local",H.Gyrich@firstname.local
D.Taylor,Dwayne,Taylor,Dwayne Taylor,Dwayne Taylor,p@ssw0rd,Accounting,"OU=Accounting,OU=Marvel,DC=comp1200,DC=local",D.Taylor@firstname.local
H.Hogan,Harold,Hogan,Harold Hogan,Harold Hogan,p@ssw0rd,Accounting,"OU=Accounting,OU=Marvel,DC=comp1200,DC=local",H.Hogan@firstname.local
C.Powell,Christopher,Powell,Christopher Powell,Christopher Powell,p@ssw0rd,Accounting,"OU=Accounting,OU=Marvel,DC=comp1200,DC=local",C.Powell@firstname.local
H.Elder,Harvey,Elder,Harvey Elder,Harvey Elder,p@ssw0rd,Accounting,"OU=Accounting,OU=Marvel,DC=comp1200,DC=local",H.Elder@firstname.local
W.Von,Wolfgang,von,Wolfgang von,Wolfgang von,p@ssw0rd,Accounting,"OU=Accounting,OU=Marvel,DC=comp1200,DC=local",W.Von@firstname.local
D.Garthwaite,Dirk,Garthwaite,Dirk Garthwaite,Dirk Garthwaite,p@ssw0rd,Accounting,"OU=Accounting,OU=Marvel,DC=comp1200,DC=local",D.Garthwaite@firstname.local
P.Gofern,Pip,Gofern,Pip Gofern,Pip Gofern,p@ssw0rd,Accounting,"OU=Accounting,OU=Marvel,DC=comp1200,DC=local",P.Gofern@firstname.local
T.Masters,Tony,Masters,Tony Masters,Tony Masters,p@ssw0rd,Accounting,"OU=Accounting,OU=Marvel,DC=comp1200,DC=local",T.Masters@firstname.local
D.Lieberman,David,Lieberman,David Lieberman,David Lieberman,p@ssw0rd,Accounting,"OU=Accounting,OU=Marvel,DC=comp1200,DC=local",D.Lieberman@firstname.local
J.Hudson,James,Hudson,James Hudson,James Hudson,p@ssw0rd,Accounting,"OU=Accounting,OU=Marvel,DC=comp1200,DC=local",J.Hudson@firstname.local
M.Warren,Miles,Warren,Miles Warren,Miles Warren,p@ssw0rd,Accounting,"OU=Accounting,OU=Marvel,DC=comp1200,DC=local",M.Warren@firstname.local
E.Sabah,En,Sabah,En Sabah,En Sabah,p@ssw0rd,Accounting,"OU=Accounting,OU=Marvel,DC=comp1200,DC=local",E.Sabah@firstname.local
S.Yoshida,Shiro,Yoshida,Shiro Yoshida,Shiro Yoshida,p@ssw0rd,Accounting,"OU=Accounting,OU=Marvel,DC=comp1200,DC=local",S.Yoshida@firstname.local
S.Sablinova,Silver,Sablinova,Silver Sablinova,Silver Sablinova,p@ssw0rd,Accounting,"OU=Accounting,OU=Marvel,DC=comp1200,DC=local",S.Sablinova@firstname.local
E.Haliday,Elvin,Haliday,Elvin Haliday,Elvin Haliday,p@ssw0rd,Accounting,"OU=Accounting,OU=Marvel,DC=comp1200,DC=local",E.Haliday@firstname.local
J.Bradley,James,Bradley,James Bradley,James Bradley,p@ssw0rd,Accounting,"OU=Accounting,OU=Marvel,DC=comp1200,DC=local",J.Bradley@firstname.local
C.Zabo,Calvin,Zabo,Calvin Zabo,Calvin Zabo,p@ssw0rd,Accounting,"OU=Accounting,OU=Marvel,DC=comp1200,DC=local",C.Zabo@firstname.local
F.Myers,Frederick,Myers,Frederick Myers,Frederick Myers,p@ssw0rd,Accounting,"OU=Accounting,OU=Marvel,DC=comp1200,DC=local",F.Myers@firstname.local
M.Alraune,Marlene,Alraune,Marlene Alraune,Marlene Alraune,p@ssw0rd,Accounting,"OU=Accounting,OU=Marvel,DC=comp1200,DC=local",M.Alraune@firstname.local
R.Leighton,Rachel,Leighton,Rachel Leighton,Rachel Leighton,p@ssw0rd,Accounting,"OU=Accounting,OU=Marvel,DC=comp1200,DC=local",R.Leighton@firstname.local
N.Essex,Nathaniel,Essex,Nathaniel Essex,Nathaniel Essex,p@ssw0rd,Accounting,"OU=Accounting,OU=Marvel,DC=comp1200,DC=local",N.Essex@firstname.local
A.Druid,Anthony,Druid,Anthony Druid,Anthony Druid,p@ssw0rd,Accounting,"OU=Accounting,OU=Marvel,DC=comp1200,DC=local",A.Druid@firstname.local
C.Lang,Cassandra,Lang,Cassandra Lang,Cassandra Lang,p@ssw0rd,Accounting,"OU=Accounting,OU=Marvel,DC=comp1200,DC=local",C.Lang@firstname.local
B.Ray,Beta,Ray,Beta Ray,Beta Ray,p@ssw0rd,Accounting,"OU=Accounting,OU=Marvel,DC=comp1200,DC=local",B.Ray@firstname.local
S.Sterns,Samuel,Sterns,Samuel Sterns,Samuel Sterns,p@ssw0rd,IT,"OU=IT,OU=Marvel,DC=comp1200,DC=local",S.Sterns@firstname.local
G.Talbot,Glenn,Talbot,Glenn Talbot,Glenn Talbot,p@ssw0rd,IT,"OU=IT,OU=Marvel,DC=comp1200,DC=local",G.Talbot@firstname.local
P.Petruski,Peter,Petruski,Peter Petruski,Peter Petruski,p@ssw0rd,IT,"OU=IT,OU=Marvel,DC=comp1200,DC=local",P.Petruski@firstname.local
J.Power,Julie,Power,Julie Power,Julie Power,p@ssw0rd,IT,"OU=IT,OU=Marvel,DC=comp1200,DC=local",J.Power@firstname.local
G.Nefaria,Giuletta,Nefaria,Giuletta Nefaria,Giuletta Nefaria,p@ssw0rd,IT,"OU=IT,OU=Marvel,DC=comp1200,DC=local",G.Nefaria@firstname.local
R.Ralston,Robert,Ralston,Robert Ralston,Robert Ralston,p@ssw0rd,IT,"OU=IT,OU=Marvel,DC=comp1200,DC=local",R.Ralston@firstname.local
H.Ichiki,Hisako,Ichiki,Hisako Ichiki,Hisako Ichiki,p@ssw0rd,IT,"OU=IT,OU=Marvel,DC=comp1200,DC=local",H.Ichiki@firstname.local
D.Smerdyakov,Dmitri,Smerdyakov,Dmitri Smerdyakov,Dmitri Smerdyakov,p@ssw0rd,Engineering,"OU=Engineering,OU=Marvel,DC=comp1200,DC=local",D.Smerdyakov@firstname.local
E.Franklin,Eliot,Franklin,Eliot Franklin,Eliot Franklin,p@ssw0rd,Engineering,"OU=Engineering,OU=Marvel,DC=comp1200,DC=local",E.Franklin@firstname.local
M.Pryor,Madelyne,Pryor,Madelyne Pryor,Madelyne Pryor,p@ssw0rd,Engineering,"OU=Engineering,OU=Marvel,DC=comp1200,DC=local",M.Pryor@firstname.local
A.Hitler,Adolf,Hitler,Adolf Hitler,Adolf Hitler,p@ssw0rd,Engineering,"OU=Engineering,OU=Marvel,DC=comp1200,DC=local",A.Hitler@firstname.local
H.Schultz,Herman,Schultz,Herman Schultz,Herman Schultz,p@ssw0rd,Engineering,"OU=Engineering,OU=Marvel,DC=comp1200,DC=local",H.Schultz@firstname.local
N.Ashida,Noriko,Ashida,Noriko Ashida,Noriko Ashida,p@ssw0rd,Engineering,"OU=Engineering,OU=Marvel,DC=comp1200,DC=local",N.Ashida@firstname.local
C.Lu,Chen,Lu,Chen Lu,Chen Lu,p@ssw0rd,Engineering,"OU=Engineering,OU=Marvel,DC=comp1200,DC=local",C.Lu@firstname.local
U.Klaw,Ulysses,Klaw,Ulysses Klaw,Ulysses Klaw,p@ssw0rd,Engineering,"OU=Engineering,OU=Marvel,DC=comp1200,DC=local",U.Klaw@firstname.local
C.Kincaid,Cessily,Kincaid,Cessily Kincaid,Cessily Kincaid,p@ssw0rd,Engineering,"OU=Engineering,OU=Marvel,DC=comp1200,DC=local",C.Kincaid@firstname.local
K.Gibney,Kyle,Gibney,Kyle Gibney,Kyle Gibney,p@ssw0rd,Engineering,"OU=Engineering,OU=Marvel,DC=comp1200,DC=local",K.Gibney@firstname.local
J.Monroe,Jack,Monroe,Jack Monroe,Jack Monroe,p@ssw0rd,Engineering,"OU=Engineering,OU=Marvel,DC=comp1200,DC=local",J.Monroe@firstname.local
M.Joyce,Madeline,Joyce,Madeline Joyce,Madeline Joyce,p@ssw0rd,Engineering,"OU=Engineering,OU=Marvel,DC=comp1200,DC=local",M.Joyce@firstname.local
G.Tarleton,George,Tarleton,George Tarleton,George Tarleton,p@ssw0rd,Engineering,"OU=Engineering,OU=Marvel,DC=comp1200,DC=local",G.Tarleton@firstname.local
P.Wisdom,Peter,Wisdom,Peter Wisdom,Peter Wisdom,p@ssw0rd,Engineering,"OU=Engineering,OU=Marvel,DC=comp1200,DC=local",P.Wisdom@firstname.local
J.Mace,Jeffrey,Mace,Jeffrey Mace,Jeffrey Mace,p@ssw0rd,Engineering,"OU=Engineering,OU=Marvel,DC=comp1200,DC=local",J.Mace@firstname.local
A.Neptunia,Aquaria,Neptunia,Aquaria Neptunia,Aquaria Neptunia,p@ssw0rd,Engineering,"OU=Engineering,OU=Marvel,DC=comp1200,DC=local",A.Neptunia@firstname.local
D.Man,Dragon,Man,Dragon Man,Dragon Man,p@ssw0rd,Engineering,"OU=Engineering,OU=Marvel,DC=comp1200,DC=local",D.Man@firstname.local
D.Manelli,Dino,Manelli,Dino Manelli,Dino Manelli,p@ssw0rd,Engineering,"OU=Engineering,OU=Marvel,DC=comp1200,DC=local",D.Manelli@firstname.local
P.Parker,Peter,Parker,Peter Parker,Peter Parker,p@ssw0rd,Engineering,"OU=Engineering,OU=Marvel,DC=comp1200,DC=local",P.Parker@firstname.local
T.Halloway,Thomas,Halloway,Thomas Halloway,Thomas Halloway,p@ssw0rd,Engineering,"OU=Engineering,OU=Marvel,DC=comp1200,DC=local",T.Halloway@firstname.local
J.Sitwell,Jasper,Sitwell,Jasper Sitwell,Jasper Sitwell,p@ssw0rd,Engineering,"OU=Engineering,OU=Marvel,DC=comp1200,DC=local",J.Sitwell@firstname.local
F.Payne,Frank,Payne,Frank Payne,Frank Payne,p@ssw0rd,Engineering,"OU=Engineering,OU=Marvel,DC=comp1200,DC=local",F.Payne@firstname.local
M.Thinker,Mad,Thinker,Mad Thinker,Mad Thinker,p@ssw0rd,Engineering,"OU=Engineering,OU=Marvel,DC=comp1200,DC=local",M.Thinker@firstname.local
B.Calusky,Brian,Calusky,Brian Calusky,Brian Calusky,p@ssw0rd,Engineering,"OU=Engineering,OU=Marvel,DC=comp1200,DC=local",B.Calusky@firstname.local
A.Maddicks,Arthur,Maddicks,Arthur Maddicks,Arthur Maddicks,p@ssw0rd,Engineering,"OU=Engineering,OU=Marvel,DC=comp1200,DC=local",A.Maddicks@firstname.local
H.Wolfe,Hedy,Wolfe,Hedy Wolfe,Hedy Wolfe,p@ssw0rd,Engineering,"OU=Engineering,OU=Marvel,DC=comp1200,DC=local",H.Wolfe@firstname.local
I.Cohen,Isadore,Cohen,Isadore Cohen,Isadore Cohen,p@ssw0rd,Engineering,"OU=Engineering,OU=Marvel,DC=comp1200,DC=local",I.Cohen@firstname.local
M.Chandler,Marlo,Chandler,Marlo Chandler,Marlo Chandler,p@ssw0rd,Engineering,"OU=Engineering,OU=Marvel,DC=comp1200,DC=local",M.Chandler@firstname.local
P.Pinkerton,Percival,Pinkerton,Percival Pinkerton,Percival Pinkerton,p@ssw0rd,Engineering,"OU=Engineering,OU=Marvel,DC=comp1200,DC=local",P.Pinkerton@firstname.local
Q.Quire,Quintavius,Quire,Quintavius Quire,Quintavius Quire,p@ssw0rd,Engineering,"OU=Engineering,OU=Marvel,DC=comp1200,DC=local",Q.Quire@firstname.local
M.Madison,Marla,Madison,Marla Madison,Marla Madison,p@ssw0rd,Engineering,"OU=Engineering,OU=Marvel,DC=comp1200,DC=local",M.Madison@firstname.local
C.Kasady,Cletus,Kasady,Cletus Kasady,Cletus Kasady,p@ssw0rd,Engineering,"OU=Engineering,OU=Marvel,DC=comp1200,DC=local",C.Kasady@firstname.local
S.Intelligence,Supreme,Intelligence,Supreme Intelligence,Supreme Intelligence,p@ssw0rd,Engineering,"OU=Engineering,OU=Marvel,DC=comp1200,DC=local",S.Intelligence@firstname.local
B.Dean,Betty,Dean,Betty Dean,Betty Dean,p@ssw0rd,Engineering,"OU=Engineering,OU=Marvel,DC=comp1200,DC=local",B.Dean@firstname.local
J.Falsworth,Jacqueline,Falsworth,Jacqueline Falsworth,Jacqueline Falsworth,p@ssw0rd,Engineering,"OU=Engineering,OU=Marvel,DC=comp1200,DC=local",J.Falsworth@firstname.local
I.Christians,Isaac,Christians,Isaac Christians,Isaac Christians,p@ssw0rd,Engineering,"OU=Engineering,OU=Marvel,DC=comp1200,DC=local",I.Christians@firstname.local
B.Rumlow,Brock,Rumlow,Brock Rumlow,Brock Rumlow,p@ssw0rd,Research,"OU=Research,OU=Marvel,DC=comp1200,DC=local",B.Rumlow@firstname.local
P.Norbert,Paul,Norbert,Paul Norbert,Paul Norbert,p@ssw0rd,Research,"OU=Research,OU=Marvel,DC=comp1200,DC=local",P.Norbert@firstname.local
R.Sonja,Red,Sonja,Red Sonja,Red Sonja,p@ssw0rd,Research,"OU=Research,OU=Marvel,DC=comp1200,DC=local",R.Sonja@firstname.local
J.Hart,Jonathan,Hart,Jonathan Hart,Jonathan Hart,p@ssw0rd,Research,"OU=Research,OU=Marvel,DC=comp1200,DC=local",J.Hart@firstname.local
B.Arbogast,Bambina,Arbogast,Bambina Arbogast,Bambina Arbogast,p@ssw0rd,Research,"OU=Research,OU=Marvel,DC=comp1200,DC=local",B.Arbogast@firstname.local
S.Qadir,Sooraya,Qadir,Sooraya Qadir,Sooraya Qadir,p@ssw0rd,Research,"OU=Research,OU=Marvel,DC=comp1200,DC=local",S.Qadir@firstname.local
Z.Panhellenios,Zeus,Panhellenios,Zeus Panhellenios,Zeus Panhellenios,p@ssw0rd,Research,"OU=Research,OU=Marvel,DC=comp1200,DC=local",Z.Panhellenios@firstname.local
R.Robertson,Randolph,Robertson,Randolph Robertson,Randolph Robertson,p@ssw0rd,Research,"OU=Research,OU=Marvel,DC=comp1200,DC=local",R.Robertson@firstname.local
A.Harkness,Agatha,Harkness,Agatha Harkness,Agatha Harkness,p@ssw0rd,Research,"OU=Research,OU=Marvel,DC=comp1200,DC=local",A.Harkness@firstname.local
J.Tarr,Jack,Tarr,Jack Tarr,Jack Tarr,p@ssw0rd,Research,"OU=Research,OU=Marvel,DC=comp1200,DC=local",J.Tarr@firstname.local
K.Bishop,Katherine,Bishop,Katherine Bishop,Katherine Bishop,p@ssw0rd,Research,"OU=Research,OU=Marvel,DC=comp1200,DC=local",K.Bishop@firstname.local
J.Wyngarde,Jason,Wyngarde,Jason Wyngarde,Jason Wyngarde,p@ssw0rd,Research,"OU=Research,OU=Marvel,DC=comp1200,DC=local",J.Wyngarde@firstname.local
W.Newell,Walter,Newell,Walter Newell,Walter Newell,p@ssw0rd,Research,"OU=Research,OU=Marvel,DC=comp1200,DC=local",W.Newell@firstname.local
J.Cargill,Joanna,Cargill,Joanna Cargill,Joanna Cargill,p@ssw0rd,Research,"OU=Research,OU=Marvel,DC=comp1200,DC=local",J.Cargill@firstname.local
P.Robbins,Parker,Robbins,Parker Robbins,Parker Robbins,p@ssw0rd,Research,"OU=Research,OU=Marvel,DC=comp1200,DC=local",P.Robbins@firstname.local
R.Raccoon,Rocket,Raccoon,Rocket Raccoon,Rocket Raccoon,p@ssw0rd,Research,"OU=Research,OU=Marvel,DC=comp1200,DC=local",R.Raccoon@firstname.local
G.Batroc,Georges,Batroc,Georges Batroc,Georges Batroc,p@ssw0rd,Research,"OU=Research,OU=Marvel,DC=comp1200,DC=local",G.Batroc@firstname.local
W.Wingfoot,Wyatt,Wingfoot,Wyatt Wingfoot,Wyatt Wingfoot,p@ssw0rd,Research,"OU=Research,OU=Marvel,DC=comp1200,DC=local",W.Wingfoot@firstname.local
H.Camp,Henry,Camp,Henry Camp,Henry Camp,p@ssw0rd,Research,"OU=Research,OU=Marvel,DC=comp1200,DC=local",H.Camp@firstname.local
P.Quill,Peter,Quill,Peter Quill,Peter Quill,p@ssw0rd,Research,"OU=Research,OU=Marvel,DC=comp1200,DC=local",P.Quill@firstname.local
W.Kaplan,William,Kaplan,William Kaplan,William Kaplan,p@ssw0rd,Research,"OU=Research,OU=Marvel,DC=comp1200,DC=local",W.Kaplan@firstname.local
G.Stacy,George,Stacy,George Stacy,George Stacy,p@ssw0rd,Research,"OU=Research,OU=Marvel,DC=comp1200,DC=local",G.Stacy@firstname.local
T.Arliss,Todd,Arliss,Todd Arliss,Todd Arliss,p@ssw0rd,Research,"OU=Research,OU=Marvel,DC=comp1200,DC=local",T.Arliss@firstname.local
H.Zemo,Heinrich,Zemo,Heinrich Zemo,Heinrich Zemo,p@ssw0rd,Research,"OU=Research,OU=Marvel,DC=comp1200,DC=local",H.Zemo@firstname.local
E.Blonsky,Emil,Blonsky,Emil Blonsky,Emil Blonsky,p@ssw0rd,Research,"OU=Research,OU=Marvel,DC=comp1200,DC=local",E.Blonsky@firstname.local
A.Rann,Arcturus,Rann,Arcturus Rann,Arcturus Rann,p@ssw0rd,Research,"OU=Research,OU=Marvel,DC=comp1200,DC=local",A.Rann@firstname.local
J.Woo,James,Woo,James Woo,James Woo,p@ssw0rd,Research,"OU=Research,OU=Marvel,DC=comp1200,DC=local",J.Woo@firstname.local
F.Drake,Frank,Drake,Frank Drake,Frank Drake,p@ssw0rd,Research,"OU=Research,OU=Marvel,DC=comp1200,DC=local",F.Drake@firstname.local
L.Lincoln,Lonnie,Lincoln,Lonnie Lincoln,Lonnie Lincoln,p@ssw0rd,Research,"OU=Research,OU=Marvel,DC=comp1200,DC=local",L.Lincoln@firstname.local
D.Alleyne,David,Alleyne,David Alleyne,David Alleyne,p@ssw0rd,Research,"OU=Research,OU=Marvel,DC=comp1200,DC=local",D.Alleyne@firstname.local
C.Cluster-7,Charlie,Cluster-7,Charlie Cluster-7,Charlie Cluster-7,p@ssw0rd,Research,"OU=Research,OU=Marvel,DC=comp1200,DC=local",C.Cluster-7@firstname.local
S.Sawyer,Samuel,Sawyer,Samuel Sawyer,Samuel Sawyer,p@ssw0rd,Research,"OU=Research,OU=Marvel,DC=comp1200,DC=local",S.Sawyer@firstname.local
J.Duquesne,Jacques,Duquesne,Jacques Duquesne,Jacques Duquesne,p@ssw0rd,Research,"OU=Research,OU=Marvel,DC=comp1200,DC=local",J.Duquesne@firstname.local
M.Walker,Mary,Walker,Mary Walker,Mary Walker,p@ssw0rd,Research,"OU=Research,OU=Marvel,DC=comp1200,DC=local",M.Walker@firstname.local
M.Santos,Miguel,Santos,Miguel Santos,Miguel Santos,p@ssw0rd,Research,"OU=Research,OU=Marvel,DC=comp1200,DC=local",M.Santos@firstname.local
C.Summers,Christopher,Summers,Christopher Summers,Christopher Summers,p@ssw0rd,Research,"OU=Research,OU=Marvel,DC=comp1200,DC=local",C.Summers@firstname.local
M.Bench,Morris,Bench,Morris Bench,Morris Bench,p@ssw0rd,Research,"OU=Research,OU=Marvel,DC=comp1200,DC=local",M.Bench@firstname.local
D.Cannon,David,Cannon,David Cannon,David Cannon,p@ssw0rd,Research,"OU=Research,OU=Marvel,DC=comp1200,DC=local",D.Cannon@firstname.local
R.Kingsley,Roderick,Kingsley,Roderick Kingsley,Roderick Kingsley,p@ssw0rd,Research,"OU=Research,OU=Marvel,DC=comp1200,DC=local",R.Kingsley@firstname.local
D.Petrakis,Dominikos,Petrakis,Dominikos Petrakis,Dominikos Petrakis,p@ssw0rd,Research,"OU=Research,OU=Marvel,DC=comp1200,DC=local",D.Petrakis@firstname.local
S.John,St.,John,St. John,St. John,p@ssw0rd,Research,"OU=Research,OU=Marvel,DC=comp1200,DC=local",S.John@firstname.local
M.Macpherran,Mary,MacPherran,Mary MacPherran,Mary MacPherran,p@ssw0rd,Research,"OU=Research,OU=Marvel,DC=comp1200,DC=local",M.Macpherran@firstname.local
R.Wayword,Rita,Wayword,Rita Wayword,Rita Wayword,p@ssw0rd,Research,"OU=Research,OU=Marvel,DC=comp1200,DC=local",R.Wayword@firstname.local
A.Espinosa,Angelo,Espinosa,Angelo Espinosa,Angelo Espinosa,p@ssw0rd,Research,"OU=Research,OU=Marvel,DC=comp1200,DC=local",A.Espinosa@firstname.local
L.Miller,Layla,Miller,Layla Miller,Layla Miller,p@ssw0rd,Research,"OU=Research,OU=Marvel,DC=comp1200,DC=local",L.Miller@firstname.local
L.Owlsley,Leland,Owlsley,Leland Owlsley,Leland Owlsley,p@ssw0rd,Research,"OU=Research,OU=Marvel,DC=comp1200,DC=local",L.Owlsley@firstname.local
K.Lykos,Karl,Lykos,Karl Lykos,Karl Lykos,p@ssw0rd,Research,"OU=Research,OU=Marvel,DC=comp1200,DC=local",K.Lykos@firstname.local
J.Macendale,Jason,Macendale,Jason Macendale,Jason Macendale,p@ssw0rd,Research,"OU=Research,OU=Marvel,DC=comp1200,DC=local",J.Macendale@firstname.local
C.Harder,Clay,Harder,Clay Harder,Clay Harder,p@ssw0rd,Research,"OU=Research,OU=Marvel,DC=comp1200,DC=local",C.Harder@firstname.local
J.Power,Jack,Power,Jack Power,Jack Power,p@ssw0rd,Research,"OU=Research,OU=Marvel,DC=comp1200,DC=local",J.Power@firstname.local
K.Power,Katherine,Power,Katherine Power,Katherine Power,p@ssw0rd,Research,"OU=Research,OU=Marvel,DC=comp1200,DC=local",K.Power@firstname.local
S.Ventura,Sharon,Ventura,Sharon Ventura,Sharon Ventura,p@ssw0rd,Research,"OU=Research,OU=Marvel,DC=comp1200,DC=local",S.Ventura@firstname.local
N.Minoru,Nico,Minoru,Nico Minoru,Nico Minoru,p@ssw0rd,Research,"OU=Research,OU=Marvel,DC=comp1200,DC=local",N.Minoru@firstname.local
C.Reston,Clive,Reston,Clive Reston,Clive Reston,p@ssw0rd,Research,"OU=Research,OU=Marvel,DC=comp1200,DC=local",C.Reston@firstname.local
I.Okonkwo,Idie,Okonkwo,Idie Okonkwo,Idie Okonkwo,p@ssw0rd,Research,"OU=Research,OU=Marvel,DC=comp1200,DC=local",I.Okonkwo@firstname.local
R.Frank,Robert,Frank,Robert Frank,Robert Frank,p@ssw0rd,Research,"OU=Research,OU=Marvel,DC=comp1200,DC=local",R.Frank@firstname.local
E.Twoyoungmen,Elizabeth,Twoyoungmen,Elizabeth Twoyoungmen,Elizabeth Twoyoungmen,p@ssw0rd,Research,"OU=Research,OU=Marvel,DC=comp1200,DC=local",E.Twoyoungmen@firstname.local
E.Thomas,Everett,Thomas,Everett Thomas,Everett Thomas,p@ssw0rd,Research,"OU=Research,OU=Marvel,DC=comp1200,DC=local",E.Thomas@firstname.local
D.Viii,Dorrek,VIII,Dorrek VIII,Dorrek VIII,p@ssw0rd,Research,"OU=Research,OU=Marvel,DC=comp1200,DC=local",D.Viii@firstname.local
A.Cho,Amadeus,Cho,Amadeus Cho,Amadeus Cho,p@ssw0rd,Research,"OU=Research,OU=Marvel,DC=comp1200,DC=local",A.Cho@firstname.local
P.Masters,Phillip,Masters,Phillip Masters,Phillip Masters,p@ssw0rd,Research,"OU=Research,OU=Marvel,DC=comp1200,DC=local",P.Masters@firstname.local
J.Foley,Joshua,Foley,Joshua Foley,Joshua Foley,p@ssw0rd,Research,"OU=Research,OU=Marvel,DC=comp1200,DC=local",J.Foley@firstname.local
K.Mordo,Karl,Mordo,Karl Mordo,Karl Mordo,p@ssw0rd,Research,"OU=Research,OU=Marvel,DC=comp1200,DC=local",K.Mordo@firstname.local
W.Foster,William,Foster,William Foster,William Foster,p@ssw0rd,Research,"OU=Research,OU=Marvel,DC=comp1200,DC=local",W.Foster@firstname.local
L.Wu,Leiko,Wu,Leiko Wu,Leiko Wu,p@ssw0rd,Research,"OU=Research,OU=Marvel,DC=comp1200,DC=local",L.Wu@firstname.local
C.Stein,Chase,Stein,Chase Stein,Chase Stein,p@ssw0rd,Research,"OU=Research,OU=Marvel,DC=comp1200,DC=local",C.Stein@firstname.local
H.Hanover,Howard,Hanover,Howard Hanover,Howard Hanover,p@ssw0rd,Research,"OU=Research,OU=Marvel,DC=comp1200,DC=local",H.Hanover@firstname.local
L.Grant,Louise,Grant,Louise Grant,Louise Grant,p@ssw0rd,Research,"OU=Research,OU=Marvel,DC=comp1200,DC=local",L.Grant@firstname.local
G.Vizier,Grand,Vizier,Grand Vizier,Grand Vizier,p@ssw0rd,Research,"OU=Research,OU=Marvel,DC=comp1200,DC=local",G.Vizier@firstname.local
P.Kril,Pyreus,Kril,Pyreus Kril,Pyreus Kril,p@ssw0rd,Research,"OU=Research,OU=Marvel,DC=comp1200,DC=local",P.Kril@firstname.local
Y.Oyama,Yuriko,Oyama,Yuriko Oyama,Yuriko Oyama,p@ssw0rd,Research,"OU=Research,OU=Marvel,DC=comp1200,DC=local",Y.Oyama@firstname.local
E.Bradley,Elijah,Bradley,Elijah Bradley,Elijah Bradley,p@ssw0rd,Research,"OU=Research,OU=Marvel,DC=comp1200,DC=local",E.Bradley@firstname.local
F.Raye,Frankie,Raye,Frankie Raye,Frankie Raye,p@ssw0rd,Research,"OU=Research,OU=Marvel,DC=comp1200,DC=local",F.Raye@firstname.local
J.Szardos,Jimaine,Szardos,Jimaine Szardos,Jimaine Szardos,p@ssw0rd,Research,"OU=Research,OU=Marvel,DC=comp1200,DC=local",J.Szardos@firstname.local
B.Cabe,Bethany,Cabe,Bethany Cabe,Bethany Cabe,p@ssw0rd,Research,"OU=Research,OU=Marvel,DC=comp1200,DC=local",B.Cabe@firstname.local
P.Urich,Phillip,Urich,Phillip Urich,Phillip Urich,p@ssw0rd,Research,"OU=Research,OU=Marvel,DC=comp1200,DC=local",P.Urich@firstname.local
D.Garrett,Delroy,Garrett,Delroy Garrett,Delroy Garrett,p@ssw0rd,Research,"OU=Research,OU=Marvel,DC=comp1200,DC=local",D.Garrett@firstname.local
A.Corazon,Anya,Corazon,Anya Corazon,Anya Corazon,p@ssw0rd,Research,"OU=Research,OU=Marvel,DC=comp1200,DC=local",A.Corazon@firstname.local
V.Hand,Victoria,Hand,Victoria Hand,Victoria Hand,p@ssw0rd,Research,"OU=Research,OU=Marvel,DC=comp1200,DC=local",V.Hand@firstname.local
M.Carter,Margaret,Carter,Margaret Carter,Margaret Carter,p@ssw0rd,Research,"OU=Research,OU=Marvel,DC=comp1200,DC=local",M.Carter@firstname.local
C.Quartermain,Clay,Quartermain,Clay Quartermain,Clay Quartermain,p@ssw0rd,Research,"OU=Research,OU=Marvel,DC=comp1200,DC=local",C.Quartermain@firstname.local
J.Stacy,Jill,Stacy,Jill Stacy,Jill Stacy,p@ssw0rd,Research,"OU=Research,OU=Marvel,DC=comp1200,DC=local",J.Stacy@firstname.local
A.Brand,Abigail,Brand,Abigail Brand,Abigail Brand,p@ssw0rd,Research,"OU=Research,OU=Marvel,DC=comp1200,DC=local",A.Brand@firstname.local
C.Cooper,Carlie,Cooper,Carlie Cooper,Carlie Cooper,p@ssw0rd,Research,"OU=Research,OU=Marvel,DC=comp1200,DC=local",C.Cooper@firstname.local
P.Duval,Paul,Duval,Paul Duval,Paul Duval,p@ssw0rd,Research,"OU=Research,OU=Marvel,DC=comp1200,DC=local",P.Duval@firstname.local
J.Drumm,Jericho,Drumm,Jericho Drumm,Jericho Drumm,p@ssw0rd,Research,"OU=Research,OU=Marvel,DC=comp1200,DC=local",J.Drumm@firstname.local
R.Aldine,Ruth,Aldine,Ruth Aldine,Ruth Aldine,p@ssw0rd,Research,"OU=Research,OU=Marvel,DC=comp1200,DC=local",R.Aldine@firstname.local
M.Masters,Matthew,Masters,Matthew Masters,Matthew Masters,p@ssw0rd,Research,"OU=Research,OU=Marvel,DC=comp1200,DC=local",M.Masters@firstname.local
L.Maximoff,Luna,Maximoff,Luna Maximoff,Luna Maximoff,p@ssw0rd,Research,"OU=Research,OU=Marvel,DC=comp1200,DC=local",L.Maximoff@firstname.local
S.Chord,Silhouette,Chord,Silhouette Chord,Silhouette Chord,p@ssw0rd,Research,"OU=Research,OU=Marvel,DC=comp1200,DC=local",S.Chord@firstname.local
S.Blevins,Sally,Blevins,Sally Blevins,Sally Blevins,p@ssw0rd,Research,"OU=Research,OU=Marvel,DC=comp1200,DC=local",S.Blevins@firstname.local
J.Sanders,James,Sanders,James Sanders,James Sanders,p@ssw0rd,Research,"OU=Research,OU=Marvel,DC=comp1200,DC=local",J.Sanders@firstname.local
D.Nayland,Denis,Nayland,Denis Nayland,Denis Nayland,p@ssw0rd,Research,"OU=Research,OU=Marvel,DC=comp1200,DC=local",D.Nayland@firstname.local
A.Von,Andreas,von,Andreas von,Andreas von,p@ssw0rd,Research,"OU=Research,OU=Marvel,DC=comp1200,DC=local",A.Von@firstname.local
P.Tilby,Patricia,Tilby,Patricia Tilby,Patricia Tilby,p@ssw0rd,Research,"OU=Research,OU=Marvel,DC=comp1200,DC=local",P.Tilby@firstname.local
M.Collins,Michael,Collins,Michael Collins,Michael Collins,p@ssw0rd,Research,"OU=Research,OU=Marvel,DC=comp1200,DC=local",M.Collins@firstname.local
V.Cleito-Son,Vashti,Cleito-Son,Vashti Cleito-Son,Vashti Cleito-Son,p@ssw0rd,Research,"OU=Research,OU=Marvel,DC=comp1200,DC=local",V.Cleito-Son@firstname.local
E.Williams,Eric,Williams,Eric Williams,Eric Williams,p@ssw0rd,Research,"OU=Research,OU=Marvel,DC=comp1200,DC=local",E.Williams@firstname.local
R.Longknife,Raza,Longknife,Raza Longknife,Raza Longknife,p@ssw0rd,Research,"OU=Research,OU=Marvel,DC=comp1200,DC=local",R.Longknife@firstname.local
S.Gallio,Selene,Gallio,Selene Gallio,Selene Gallio,p@ssw0rd,Research,"OU=Research,OU=Marvel,DC=comp1200,DC=local",S.Gallio@firstname.local
N.Harold,Norman,Harold,Norman Harold,Norman Harold,p@ssw0rd,Research,"OU=Research,OU=Marvel,DC=comp1200,DC=local",N.Harold@firstname.local
M.Musashi,Michiko,Musashi,Michiko Musashi,Michiko Musashi,p@ssw0rd,Research,"OU=Research,OU=Marvel,DC=comp1200,DC=local",M.Musashi@firstname.local
R.Simpson,Roxanne,Simpson,Roxanne Simpson,Roxanne Simpson,p@ssw0rd,Research,"OU=Research,OU=Marvel,DC=comp1200,DC=local",R.Simpson@firstname.local
S.Shmidt,Sinthea,Shmidt,Sinthea Shmidt,Sinthea Shmidt,p@ssw0rd,Research,"OU=Research,OU=Marvel,DC=comp1200,DC=local",S.Shmidt@firstname.local
G.Washington,George,Washington,George Washington,George Washington,p@ssw0rd,Research,"OU=Research,OU=Marvel,DC=comp1200,DC=local",G.Washington@firstname.local
M.Hayes,Molly,Hayes,Molly Hayes,Molly Hayes,p@ssw0rd,Research,"OU=Research,OU=Marvel,DC=comp1200,DC=local",M.Hayes@firstname.local
K.Voorhees,Klaus,Voorhees,Klaus Voorhees,Klaus Voorhees,p@ssw0rd,Research,"OU=Research,OU=Marvel,DC=comp1200,DC=local",K.Voorhees@firstname.local
A.Parks,Arthur,Parks,Arthur Parks,Arthur Parks,p@ssw0rd,Research,"OU=Research,OU=Marvel,DC=comp1200,DC=local",A.Parks@firstname.local
B.Rosenthal,Bernadette,Rosenthal,Bernadette Rosenthal,Bernadette Rosenthal,p@ssw0rd,Research,"OU=Research,OU=Marvel,DC=comp1200,DC=local",B.Rosenthal@firstname.local
N.Lubensky,Nathan,Lubensky,Nathan Lubensky,Nathan Lubensky,p@ssw0rd,Research,"OU=Research,OU=Marvel,DC=comp1200,DC=local",N.Lubensky@firstname.local
D.Haller,David,Haller,David Haller,David Haller,p@ssw0rd,Research,"OU=Research,OU=Marvel,DC=comp1200,DC=local",D.Haller@firstname.local
L.Hoskins,Lemar,Hoskins,Lemar Hoskins,Lemar Hoskins,p@ssw0rd,Research,"OU=Research,OU=Marvel,DC=comp1200,DC=local",L.Hoskins@firstname.local
D.Pierce,Donald,Pierce,Donald Pierce,Donald Pierce,p@ssw0rd,Research,"OU=Research,OU=Marvel,DC=comp1200,DC=local",D.Pierce@firstname.local
J.Chapman,Joseph,Chapman,Joseph Chapman,Joseph Chapman,p@ssw0rd,Research,"OU=Research,OU=Marvel,DC=comp1200,DC=local",J.Chapman@firstname.local
K.Dean,Karolina,Dean,Karolina Dean,Karolina Dean,p@ssw0rd,Research,"OU=Research,OU=Marvel,DC=comp1200,DC=local",K.Dean@firstname.local
S.Hellstrom,Satana,Hellstrom,Satana Hellstrom,Satana Hellstrom,p@ssw0rd,Research,"OU=Research,OU=Marvel,DC=comp1200,DC=local",S.Hellstrom@firstname.local
L.Petrovna,Laynia,Petrovna,Laynia Petrovna,Laynia Petrovna,p@ssw0rd,Research,"OU=Research,OU=Marvel,DC=comp1200,DC=local",L.Petrovna@firstname.local
N.Raven,Night,Raven,Night Raven,Night Raven,p@ssw0rd,Research,"OU=Research,OU=Marvel,DC=comp1200,DC=local",N.Raven@firstname.local
K.Rao,Kavita,Rao,Kavita Rao,Kavita Rao,p@ssw0rd,Research,"OU=Research,OU=Marvel,DC=comp1200,DC=local",K.Rao@firstname.local
D.Cage,Danielle,Cage,Danielle Cage,Danielle Cage,p@ssw0rd,Research,"OU=Research,OU=Marvel,DC=comp1200,DC=local",D.Cage@firstname.local
F.Foswell,Frederick,Foswell,Frederick Foswell,Frederick Foswell,p@ssw0rd,Research,"OU=Research,OU=Marvel,DC=comp1200,DC=local",F.Foswell@firstname.local
J.Greycrow,John,Greycrow,John Greycrow,John Greycrow,p@ssw0rd,Research,"OU=Research,OU=Marvel,DC=comp1200,DC=local",J.Greycrow@firstname.local
M.Duffy,Michael,Duffy,Michael Duffy,Michael Duffy,p@ssw0rd,Research,"OU=Research,OU=Marvel,DC=comp1200,DC=local",M.Duffy@firstname.local
E.Koenig,Eric,Koenig,Eric Koenig,Eric Koenig,p@ssw0rd,Research,"OU=Research,OU=Marvel,DC=comp1200,DC=local",E.Koenig@firstname.local
Z.Zu,Zheng,Zu,Zheng Zu,Zheng Zu,p@ssw0rd,Research,"OU=Research,OU=Marvel,DC=comp1200,DC=local",Z.Zu@firstname.local
K.Harada,Keniuchio,Harada,Keniuchio Harada,Keniuchio Harada,p@ssw0rd,Research,"OU=Research,OU=Marvel,DC=comp1200,DC=local",K.Harada@firstname.local
I.Adler,Irene,Adler,Irene Adler,Irene Adler,p@ssw0rd,Research,"OU=Research,OU=Marvel,DC=comp1200,DC=local",I.Adler@firstname.local
M.Smallwood,Marrina,Smallwood,Marrina Smallwood,Marrina Smallwood,p@ssw0rd,Research,"OU=Research,OU=Marvel,DC=comp1200,DC=local",M.Smallwood@firstname.local
F.Davis,Fred,Davis,Fred Davis,Fred Davis,p@ssw0rd,Research,"OU=Research,OU=Marvel,DC=comp1200,DC=local",F.Davis@firstname.local
Z.Dubois,Zelda,DuBois,Zelda DuBois,Zelda DuBois,p@ssw0rd,Research,"OU=Research,OU=Marvel,DC=comp1200,DC=local",Z.Dubois@firstname.local
R.Washington,Roxanne,Washington,Roxanne Washington,Roxanne Washington,p@ssw0rd,Research,"OU=Research,OU=Marvel,DC=comp1200,DC=local",R.Washington@firstname.local
B.Juarez,Bonita,Juarez,Bonita Juarez,Bonita Juarez,p@ssw0rd,Research,"OU=Research,OU=Marvel,DC=comp1200,DC=local",B.Juarez@firstname.local
B.Clark,Brandy,Clark,Brandy Clark,Brandy Clark,p@ssw0rd,Research,"OU=Research,OU=Marvel,DC=comp1200,DC=local",B.Clark@firstname.local
L.Crawley,Lillian,Crawley,Lillian Crawley,Lillian Crawley,p@ssw0rd,Research,"OU=Research,OU=Marvel,DC=comp1200,DC=local",L.Crawley@firstname.local
R.Collins,Russell,Collins,Russell Collins,Russell Collins,p@ssw0rd,Research,"OU=Research,OU=Marvel,DC=comp1200,DC=local",R.Collins@firstname.local
M.Badilino,Michael,Badilino,Michael Badilino,Michael Badilino,p@ssw0rd,Research,"OU=Research,OU=Marvel,DC=comp1200,DC=local",M.Badilino@firstname.local
H.Takahama,Helen,Takahama,Helen Takahama,Helen Takahama,p@ssw0rd,Research,"OU=Research,OU=Marvel,DC=comp1200,DC=local",H.Takahama@firstname.local
E.Sabah,En,Sabah,En Sabah,En Sabah,p@ssw0rd,Research,"OU=Research,OU=Marvel,DC=comp1200,DC=local",E.Sabah@firstname.local
D.Thomas,Dai,Thomas,Dai Thomas,Dai Thomas,p@ssw0rd,Research,"OU=Research,OU=Marvel,DC=comp1200,DC=local",D.Thomas@firstname.local
M.Callasantos,Maria,Callasantos,Maria Callasantos,Maria Callasantos,p@ssw0rd,Research,"OU=Research,OU=Marvel,DC=comp1200,DC=local",M.Callasantos@firstname.local
S.Avril,Sally,Avril,Sally Avril,Sally Avril,p@ssw0rd,Research,"OU=Research,OU=Marvel,DC=comp1200,DC=local",S.Avril@firstname.local
E.Laughton,Ebenezer,Laughton,Ebenezer Laughton,Ebenezer Laughton,p@ssw0rd,Research,"OU=Research,OU=Marvel,DC=comp1200,DC=local",E.Laughton@firstname.local
A.Zola,Arnim,Zola,Arnim Zola,Arnim Zola,p@ssw0rd,Research,"OU=Research,OU=Marvel,DC=comp1200,DC=local",A.Zola@firstname.local
M.Yashida,Mariko,Yashida,Mariko Yashida,Mariko Yashida,p@ssw0rd,Research,"OU=Research,OU=Marvel,DC=comp1200,DC=local",M.Yashida@firstname.local
D.Riordan,Dallas,Riordan,Dallas Riordan,Dallas Riordan,p@ssw0rd,Research,"OU=Research,OU=Marvel,DC=comp1200,DC=local",D.Riordan@firstname.local
H.King,Hannibal,King,Hannibal King,Hannibal King,p@ssw0rd,Research,"OU=Research,OU=Marvel,DC=comp1200,DC=local",H.King@firstname.local
T.Cassidy,Thomas,Cassidy,Thomas Cassidy,Thomas Cassidy,p@ssw0rd,Research,"OU=Research,OU=Marvel,DC=comp1200,DC=local",T.Cassidy@firstname.local
K.Killgrave,Kara,Killgrave,Kara Killgrave,Kara Killgrave,p@ssw0rd,Research,"OU=Research,OU=Marvel,DC=comp1200,DC=local",K.Killgrave@firstname.local
J.Hoan,Jess\u00e1n,Hoan,Jess\u00e1n Hoan,Jess\u00e1n Hoan,p@ssw0rd,Research,"OU=Research,OU=Marvel,DC=comp1200,DC=local",J.Hoan@firstname.local
D.Johnson,Daisy,Johnson,Daisy Johnson,Daisy Johnson,p@ssw0rd,Research,"OU=Research,OU=Marvel,DC=comp1200,DC=local",D.Johnson@firstname.local
J.Horton,John,Horton,John Horton,John Horton,p@ssw0rd,Research,"OU=Research,OU=Marvel,DC=comp1200,DC=local",J.Horton@firstname.local
C.Reyes,Cecilia,Reyes,Cecilia Reyes,Cecilia Reyes,p@ssw0rd,Research,"OU=Research,OU=Marvel,DC=comp1200,DC=local",C.Reyes@firstname.local
B.Bohusk,Barnell,Bohusk,Barnell Bohusk,Barnell Bohusk,p@ssw0rd,Research,"OU=Research,OU=Marvel,DC=comp1200,DC=local",B.Bohusk@firstname.local
V.Mancha,Victor,Mancha,Victor Mancha,Victor Mancha,p@ssw0rd,Research,"OU=Research,OU=Marvel,DC=comp1200,DC=local",V.Mancha@firstname.local
A.Android,Awesome,Android,Awesome Android,Awesome Android,p@ssw0rd,Research,"OU=Research,OU=Marvel,DC=comp1200,DC=local",A.Android@firstname.local
S.Smithers,Samuel,Smithers,Samuel Smithers,Samuel Smithers,p@ssw0rd,Research,"OU=Research,OU=Marvel,DC=comp1200,DC=local",S.Smithers@firstname.local
W.Day,Wilbur,Day,Wilbur Day,Wilbur Day,p@ssw0rd,Research,"OU=Research,OU=Marvel,DC=comp1200,DC=local",W.Day@firstname.local
S.Manfredi,Silvio,Manfredi,Silvio Manfredi,Silvio Manfredi,p@ssw0rd,Research,"OU=Research,OU=Marvel,DC=comp1200,DC=local",S.Manfredi@firstname.local
R.Fisk,Richard,Fisk,Richard Fisk,Richard Fisk,p@ssw0rd,Research,"OU=Research,OU=Marvel,DC=comp1200,DC=local",R.Fisk@firstname.local
E.Whelan,Edward,Whelan,Edward Whelan,Edward Whelan,p@ssw0rd,Research,"OU=Research,OU=Marvel,DC=comp1200,DC=local",E.Whelan@firstname.local
D.Gill,Donald,Gill,Donald Gill,Donald Gill,p@ssw0rd,Research,"OU=Research,OU=Marvel,DC=comp1200,DC=local",D.Gill@firstname.local
A.Ryan,Alani,Ryan,Alani Ryan,Alani Ryan,p@ssw0rd,Research,"OU=Research,OU=Marvel,DC=comp1200,DC=local",A.Ryan@firstname.local
A.Kare,Aloysius,Kare,Aloysius Kare,Aloysius Kare,p@ssw0rd,Research,"OU=Research,OU=Marvel,DC=comp1200,DC=local",A.Kare@firstname.local
R.Kid,Ringo,Kid,Ringo Kid,Ringo Kid,p@ssw0rd,Research,"OU=Research,OU=Marvel,DC=comp1200,DC=local",R.Kid@firstname.local
M.Tiboldt,Maynard,Tiboldt,Maynard Tiboldt,Maynard Tiboldt,p@ssw0rd,Research,"OU=Research,OU=Marvel,DC=comp1200,DC=local",M.Tiboldt@firstname.local
E.Coraz\U00F3N,Esteban,Coraz\u00f3n,Esteban Coraz\u00f3n,Esteban Coraz\u00f3n,p@ssw0rd,Research,"OU=Research,OU=Marvel,DC=comp1200,DC=local",E.Coraz\U00F3N@firstname.local
M.Flumm,Marvin,Flumm,Marvin Flumm,Marvin Flumm,p@ssw0rd,Research,"OU=Research,OU=Marvel,DC=comp1200,DC=local",M.Flumm@firstname.local
N.Richards,Nathaniel,Richards,Nathaniel Richards,Nathaniel Richards,p@ssw0rd,Research,"OU=Research,OU=Marvel,DC=comp1200,DC=local",N.Richards@firstname.local
K.Cushing,Kathryn,Cushing,Kathryn Cushing,Kathryn Cushing,p@ssw0rd,Research,"OU=Research,OU=Marvel,DC=comp1200,DC=local",K.Cushing@firstname.local
C.Hodge,Cameron,Hodge,Cameron Hodge,Cameron Hodge,p@ssw0rd,Research,"OU=Research,OU=Marvel,DC=comp1200,DC=local",C.Hodge@firstname.local
A.Stuart,Alistaire,Stuart,Alistaire Stuart,Alistaire Stuart,p@ssw0rd,Research,"OU=Research,OU=Marvel,DC=comp1200,DC=local",A.Stuart@firstname.local
S.Dolan,Stacy,Dolan,Stacy Dolan,Stacy Dolan,p@ssw0rd,Research,"OU=Research,OU=Marvel,DC=comp1200,DC=local",S.Dolan@firstname.local
B.Hamill,Ben,Hamill,Ben Hamill,Ben Hamill,p@ssw0rd,Research,"OU=Research,OU=Marvel,DC=comp1200,DC=local",B.Hamill@firstname.local
I.Kragoff,Ivan,Kragoff,Ivan Kragoff,Ivan Kragoff,p@ssw0rd,Research,"OU=Research,OU=Marvel,DC=comp1200,DC=local",I.Kragoff@firstname.local
M.Scarlotti,Marco,Scarlotti,Marco Scarlotti,Marco Scarlotti,p@ssw0rd,Research,"OU=Research,OU=Marvel,DC=comp1200,DC=local",M.Scarlotti@firstname.local
J.Takeda,Jennifer,Takeda,Jennifer Takeda,Jennifer Takeda,p@ssw0rd,Research,"OU=Research,OU=Marvel,DC=comp1200,DC=local",J.Takeda@firstname.local
R.Grayson,Robert,Grayson,Robert Grayson,Robert Grayson,p@ssw0rd,Research,"OU=Research,OU=Marvel,DC=comp1200,DC=local",R.Grayson@firstname.local
B.Bullski,Boris,Bullski,Boris Bullski,Boris Bullski,p@ssw0rd,Research,"OU=Research,OU=Marvel,DC=comp1200,DC=local",B.Bullski@firstname.local
M.Coleridge,Maximillian,Coleridge,Maximillian Coleridge,Maximillian Coleridge,p@ssw0rd,Research,"OU=Research,OU=Marvel,DC=comp1200,DC=local",M.Coleridge@firstname.local
H.Abbott,Hope,Abbott,Hope Abbott,Hope Abbott,p@ssw0rd,Research,"OU=Research,OU=Marvel,DC=comp1200,DC=local",H.Abbott@firstname.local
"N.Fury,",Nicholas,"Fury,","Nicholas Fury,","Nicholas Fury,",p@ssw0rd,Research,"OU=Research,OU=Marvel,DC=comp1200,DC=local","N.Fury,@firstname.local"
F.Fang,Fin,Fang,Fin Fang,Fin Fang,p@ssw0rd,Research,"OU=Research,OU=Marvel,DC=comp1200,DC=local",F.Fang@firstname.local
S.Saxon,Samuel,Saxon,Samuel Saxon,Samuel Saxon,p@ssw0rd,Research,"OU=Research,OU=Marvel,DC=comp1200,DC=local",S.Saxon@firstname.local
J.Dewolff,Jean,DeWolff,Jean DeWolff,Jean DeWolff,p@ssw0rd,Research,"OU=Research,OU=Marvel,DC=comp1200,DC=local",J.Dewolff@firstname.local
B.Sitznski,Blanche,Sitznski,Blanche Sitznski,Blanche Sitznski,p@ssw0rd,Research,"OU=Research,OU=Marvel,DC=comp1200,DC=local",B.Sitznski@firstname.local
T.Sealy,Tanya,Sealy,Tanya Sealy,Tanya Sealy,p@ssw0rd,Research,"OU=Research,OU=Marvel,DC=comp1200,DC=local",T.Sealy@firstname.local
J.Mercado,Joy,Mercado,Joy Mercado,Joy Mercado,p@ssw0rd,Research,"OU=Research,OU=Marvel,DC=comp1200,DC=local",J.Mercado@firstname.local
B.Du,Bennet,du,Bennet du,Bennet du,p@ssw0rd,Research,"OU=Research,OU=Marvel,DC=comp1200,DC=local",B.Du@firstname.local
M.Franklin,Martha,Franklin,Martha Franklin,Martha Franklin,p@ssw0rd,Development,"OU=Development,OU=Marvel,DC=comp1200,DC=local",M.Franklin@firstname.local
B.Wittman,Bentley,Wittman,Bentley Wittman,Bentley Wittman,p@ssw0rd,Development,"OU=Development,OU=Marvel,DC=comp1200,DC=local",B.Wittman@firstname.local
R.Van,Rachel,van,Rachel van,Rachel van,p@ssw0rd,Development,"OU=Development,OU=Marvel,DC=comp1200,DC=local",R.Van@firstname.local
J.Beechman,Jerome,Beechman,Jerome Beechman,Jerome Beechman,p@ssw0rd,Development,"OU=Development,OU=Marvel,DC=comp1200,DC=local",J.Beechman@firstname.local
L.Cheney,Lila,Cheney,Lila Cheney,Lila Cheney,p@ssw0rd,Development,"OU=Development,OU=Marvel,DC=comp1200,DC=local",L.Cheney@firstname.local
T.Fireheart,Thomas,Fireheart,Thomas Fireheart,Thomas Fireheart,p@ssw0rd,Development,"OU=Development,OU=Marvel,DC=comp1200,DC=local",T.Fireheart@firstname.local
E.Ross,Everett,Ross,Everett Ross,Everett Ross,p@ssw0rd,Development,"OU=Development,OU=Marvel,DC=comp1200,DC=local",E.Ross@firstname.local
C.Noll,Criti,Noll,Criti Noll,Criti Noll,p@ssw0rd,Development,"OU=Development,OU=Marvel,DC=comp1200,DC=local",C.Noll@firstname.local
K.Hale,Kenneth,Hale,Kenneth Hale,Kenneth Hale,p@ssw0rd,Development,"OU=Development,OU=Marvel,DC=comp1200,DC=local",K.Hale@firstname.local
M.Raxton,Mark,Raxton,Mark Raxton,Mark Raxton,p@ssw0rd,Development,"OU=Development,OU=Marvel,DC=comp1200,DC=local",M.Raxton@firstname.local
C.Rankin,Calvin,Rankin,Calvin Rankin,Calvin Rankin,p@ssw0rd,Development,"OU=Development,OU=Marvel,DC=comp1200,DC=local",C.Rankin@firstname.local
B.Sandhurst,Basil,Sandhurst,Basil Sandhurst,Basil Sandhurst,p@ssw0rd,Development,"OU=Development,OU=Marvel,DC=comp1200,DC=local",B.Sandhurst@firstname.local
H.Brown,Hobie,Brown,Hobie Brown,Hobie Brown,p@ssw0rd,Development,"OU=Development,OU=Marvel,DC=comp1200,DC=local",H.Brown@firstname.local
S.King,Shadow,King,Shadow King,Shadow King,p@ssw0rd,Development,"OU=Development,OU=Marvel,DC=comp1200,DC=local",S.King@firstname.local
W.Cross,William,Cross,William Cross,William Cross,p@ssw0rd,Development,"OU=Development,OU=Marvel,DC=comp1200,DC=local",W.Cross@firstname.local
L.Bannon,Lance,Bannon,Lance Bannon,Lance Bannon,p@ssw0rd,Development,"OU=Development,OU=Marvel,DC=comp1200,DC=local",L.Bannon@firstname.local
R.Demara,Rita,DeMara,Rita DeMara,Rita DeMara,p@ssw0rd,Development,"OU=Development,OU=Marvel,DC=comp1200,DC=local",R.Demara@firstname.local
R.Augustulus,Romulus,Augustulus,Romulus Augustulus,Romulus Augustulus,p@ssw0rd,Development,"OU=Development,OU=Marvel,DC=comp1200,DC=local",R.Augustulus@firstname.local
J.Proudstar,John,Proudstar,John Proudstar,John Proudstar,p@ssw0rd,Development,"OU=Development,OU=Marvel,DC=comp1200,DC=local",J.Proudstar@firstname.local
C.Nord,Christoph,Nord,Christoph Nord,Christoph Nord,p@ssw0rd,Development,"OU=Development,OU=Marvel,DC=comp1200,DC=local",C.Nord@firstname.local
M.Lopez,Maya,Lopez,Maya Lopez,Maya Lopez,p@ssw0rd,Development,"OU=Development,OU=Marvel,DC=comp1200,DC=local",M.Lopez@firstname.local
O.Lace,Old,Lace,Old Lace,Old Lace,p@ssw0rd,Development,"OU=Development,OU=Marvel,DC=comp1200,DC=local",O.Lace@firstname.local
H.Lopez,Humberto,Lopez,Humberto Lopez,Humberto Lopez,p@ssw0rd,Development,"OU=Development,OU=Marvel,DC=comp1200,DC=local",H.Lopez@firstname.local
M.Le,Morgan,le,Morgan le,Morgan le,p@ssw0rd,Development,"OU=Development,OU=Marvel,DC=comp1200,DC=local",M.Le@firstname.local
L.Nefaria,Luchino,Nefaria,Luchino Nefaria,Luchino Nefaria,p@ssw0rd,Development,"OU=Development,OU=Marvel,DC=comp1200,DC=local",L.Nefaria@firstname.local
J.Kale,Jennifer,Kale,Jennifer Kale,Jennifer Kale,p@ssw0rd,Executive,"OU=Executive,OU=Marvel,DC=comp1200,DC=local",J.Kale@firstname.local
D.Scott,Douglas,Scott,Douglas Scott,Douglas Scott,p@ssw0rd,Executive,"OU=Executive,OU=Marvel,DC=comp1200,DC=local",D.Scott@firstname.local
A.Kafka,Ashley,Kafka,Ashley Kafka,Ashley Kafka,p@ssw0rd,Executive,"OU=Executive,OU=Marvel,DC=comp1200,DC=local",A.Kafka@firstname.local
R.Herman,Robert,Herman,Robert Herman,Robert Herman,p@ssw0rd,Executive,"OU=Executive,OU=Marvel,DC=comp1200,DC=local",R.Herman@firstname.local
J.Hammer,Justin,Hammer,Justin Hammer,Justin Hammer,p@ssw0rd,Executive,"OU=Executive,OU=Marvel,DC=comp1200,DC=local",J.Hammer@firstname.local
M.Steel,Michael,Steel,Michael Steel,Michael Steel,p@ssw0rd,Executive,"OU=Executive,OU=Marvel,DC=comp1200,DC=local",M.Steel@firstname.local
K.Vernard,Kristoff,Vernard,Kristoff Vernard,Kristoff Vernard,p@ssw0rd,Executive,"OU=Executive,OU=Marvel,DC=comp1200,DC=local",K.Vernard@firstname.local
L.Hollister,Lily,Hollister,Lily Hollister,Lily Hollister,p@ssw0rd,Executive,"OU=Executive,OU=Marvel,DC=comp1200,DC=local",L.Hollister@firstname.local
T.Odinson,Tyr,Odinson,Tyr Odinson,Tyr Odinson,p@ssw0rd,Executive,"OU=Executive,OU=Marvel,DC=comp1200,DC=local",T.Odinson@firstname.local
Z.Killgrave,Zebediah,Killgrave,Zebediah Killgrave,Zebediah Killgrave,p@ssw0rd,Executive,"OU=Executive,OU=Marvel,DC=comp1200,DC=local",Z.Killgrave@firstname.local
E.Dwi,En,Dwi,En Dwi,En Dwi,p@ssw0rd,Executive,"OU=Executive,OU=Marvel,DC=comp1200,DC=local",E.Dwi@firstname.local
A.Stacy,Arthur,Stacy,Arthur Stacy,Arthur Stacy,p@ssw0rd,Executive,"OU=Executive,OU=Marvel,DC=comp1200,DC=local",A.Stacy@firstname.local
D.Griffith,David,Griffith,David Griffith,David Griffith,p@ssw0rd,Executive,"OU=Executive,OU=Marvel,DC=comp1200,DC=local",D.Griffith@firstname.local
F.Hall,Franklin,Hall,Franklin Hall,Franklin Hall,p@ssw0rd,Executive,"OU=Executive,OU=Marvel,DC=comp1200,DC=local",F.Hall@firstname.local
S.Wolfe,Sara,Wolfe,Sara Wolfe,Sara Wolfe,p@ssw0rd,Executive,"OU=Executive,OU=Marvel,DC=comp1200,DC=local",S.Wolfe@firstname.local
S.Utrecht,Simon,Utrecht,Simon Utrecht,Simon Utrecht,p@ssw0rd,Executive,"OU=Executive,OU=Marvel,DC=comp1200,DC=local",S.Utrecht@firstname.local
J.Foucault,Jeanne,Foucault,Jeanne Foucault,Jeanne Foucault,p@ssw0rd,Executive,"OU=Executive,OU=Marvel,DC=comp1200,DC=local",J.Foucault@firstname.local
B.Horgan,Bruno,Horgan,Bruno Horgan,Bruno Horgan,p@ssw0rd,Executive,"OU=Executive,OU=Marvel,DC=comp1200,DC=local",B.Horgan@firstname.local
O.Reece,Owen,Reece,Owen Reece,Owen Reece,p@ssw0rd,Executive,"OU=Executive,OU=Marvel,DC=comp1200,DC=local",O.Reece@firstname.local
P.Mason,Phineas,Mason,Phineas Mason,Phineas Mason,p@ssw0rd,Executive,"OU=Executive,OU=Marvel,DC=comp1200,DC=local",P.Mason@firstname.local
C.Southern,Candace,Southern,Candace Southern,Candace Southern,p@ssw0rd,Executive,"OU=Executive,OU=Marvel,DC=comp1200,DC=local",C.Southern@firstname.local
H.Glenn,Heather,Glenn,Heather Glenn,Heather Glenn,p@ssw0rd,Executive,"OU=Executive,OU=Marvel,DC=comp1200,DC=local",H.Glenn@firstname.local
K.Masterson,Kevin,Masterson,Kevin Masterson,Kevin Masterson,p@ssw0rd,Executive,"OU=Executive,OU=Marvel,DC=comp1200,DC=local",K.Masterson@firstname.local
A.Rossovich,Arkady,Rossovich,Arkady Rossovich,Arkady Rossovich,p@ssw0rd,Executive,"OU=Executive,OU=Marvel,DC=comp1200,DC=local",A.Rossovich@firstname.local
K.Shapandar,Karima,Shapandar,Karima Shapandar,Karima Shapandar,p@ssw0rd,Executive,"OU=Executive,OU=Marvel,DC=comp1200,DC=local",K.Shapandar@firstname.local
N.Winters,Norah,Winters,Norah Winters,Norah Winters,p@ssw0rd,Executive,"OU=Executive,OU=Marvel,DC=comp1200,DC=local",N.Winters@firstname.local
B.Sharpe,Brandon,Sharpe,Brandon Sharpe,Brandon Sharpe,p@ssw0rd,Executive,"OU=Executive,OU=Marvel,DC=comp1200,DC=local",B.Sharpe@firstname.local
P.Chu,Plan,Chu,Plan Chu,Plan Chu,p@ssw0rd,Executive,"OU=Executive,OU=Marvel,DC=comp1200,DC=local",P.Chu@firstname.local
W.firstnames,William,firstnames,William firstnames,William firstnames,p@ssw0rd,Executive,"OU=Executive,OU=Marvel,DC=comp1200,DC=local",W.firstnames@firstname.local
J.Darnell,James,Darnell,James Darnell,James Darnell,p@ssw0rd,Executive,"OU=Executive,OU=Marvel,DC=comp1200,DC=local",J.Darnell@firstname.local
L.Temple,Lance,Temple,Lance Temple,Lance Temple,p@ssw0rd,Executive,"OU=Executive,OU=Marvel,DC=comp1200,DC=local",L.Temple@firstname.local
I.Man,Impossible,Man,Impossible Man,Impossible Man,p@ssw0rd,Executive,"OU=Executive,OU=Marvel,DC=comp1200,DC=local",I.Man@firstname.local
R.Hunter,Robert,Hunter,Robert Hunter,Robert Hunter,p@ssw0rd,Executive,"OU=Executive,OU=Marvel,DC=comp1200,DC=local",R.Hunter@firstname.local
